# Host: localhost  (Version: 5.6.11)
# Date: 2014-09-18 10:55:36
# Generator: MySQL-Front 5.3  (Build 4.155)

/*!40101 SET NAMES utf8 */;

#
# Structure for table "location"
#

DROP TABLE IF EXISTS `location`;
CREATE TABLE `location` (
  `lid` int(11) NOT NULL AUTO_INCREMENT,
  `label` varchar(255) DEFAULT NULL,
  PRIMARY KEY (`lid`)
) ENGINE=InnoDB AUTO_INCREMENT=43 DEFAULT CHARSET=utf8;

#
# Data for table "location"
#

INSERT INTO `location` VALUES (37,'taolixi'),(38,'taolixibei'),(39,'taolidongbei'),(40,'taolinan'),(41,'taolixibeimen'),(42,'taolina');

#
# Structure for table "wifi"
#

DROP TABLE IF EXISTS `wifi`;
CREATE TABLE `wifi` (
  `wid` int(11) NOT NULL AUTO_INCREMENT,
  `bssid` varchar(255) DEFAULT '',
  PRIMARY KEY (`wid`)
) ENGINE=InnoDB AUTO_INCREMENT=583 DEFAULT CHARSET=utf8;

#
# Data for table "wifi"
#

INSERT INTO `wifi` VALUES (481,'2c:d0:5a:32:89:f2'),(482,'c8:64:c7:17:29:15'),(483,'c8:64:c7:17:29:14'),(484,'c8:64:c7:17:29:13'),(485,'44:e4:d9:84:c2:77'),(486,'44:e4:d9:84:c2:7b'),(487,'44:e4:d9:84:c2:75'),(488,'44:e4:d9:84:c2:74'),(489,'44:e4:d9:84:c2:70'),(490,'44:e4:d9:84:c2:79'),(491,'44:e4:d9:3f:fd:d5'),(492,'44:e4:d9:3f:fd:db'),(493,'44:e4:d9:3f:fd:d4'),(494,'44:e4:d9:3f:fd:d7'),(495,'02:06:00:01:71:00'),(496,'44:e4:d9:aa:8a:55'),(497,'b8:76:3f:4f:48:9e'),(498,'44:e4:d9:3f:fd:d0'),(499,'44:e4:d9:3f:91:a5'),(500,'44:e4:d9:3f:91:a4'),(501,'44:e4:d9:3f:91:ab'),(502,'0c:72:2c:59:ff:c2'),(503,'44:e4:d9:85:2b:a5'),(504,'44:e4:d9:3f:fd:d9'),(505,'44:e4:d9:3f:91:a0'),(506,'44:e4:d9:3f:91:a7'),(507,'c2:75:d5:8e:8f:fb'),(508,'44:e4:d9:bc:06:d9'),(509,'44:e4:d9:bc:06:d0'),(510,'44:e4:d9:bc:06:db'),(511,'44:e4:d9:bc:06:d5'),(512,'44:e4:d9:bc:06:d4'),(513,'44:e4:d9:3f:f9:37'),(514,'44:e4:d9:3f:f9:3b'),(515,'00:27:1d:04:24:ba'),(516,'b0:75:d5:8e:8f:fb'),(517,'44:e4:d9:3f:f9:34'),(518,'44:e4:d9:3f:f9:30'),(519,'ec:88:8f:c7:c2:c4'),(520,'44:e4:d9:85:2b:a0'),(521,'c8:64:c7:17:29:12'),(522,'44:e4:d9:3f:f9:39'),(523,'44:e4:d9:3f:f9:35'),(524,'ec:88:8f:7e:b3:84'),(525,'02:06:00:01:6f:00'),(526,'c0:61:18:b0:f4:4a'),(527,'22:b9:a5:ab:8a:e3'),(528,'20:dc:e6:61:00:f2'),(529,'c8:3a:35:0b:24:00'),(530,'e4:d3:32:bc:76:e8'),(531,'c4:a8:1d:f2:8d:a7'),(532,'c8:3a:35:29:9c:38'),(533,'02:06:00:01:b2:00'),(534,'2a:e3:47:76:b5:85'),(535,'2e:b7:0d:16:22:61'),(536,'44:e4:d9:bc:06:d7'),(537,'14:75:90:3a:eb:14'),(538,'02:06:00:01:71:80'),(539,'8c:21:0a:59:bb:b0'),(540,'00:27:1d:06:24:ba'),(541,'02:06:00:01:75:80'),(542,'ec:17:2f:2e:76:44'),(543,'c4:ca:d9:0b:f8:e0'),(544,'44:e4:d9:84:c2:78'),(545,'44:e4:d9:84:c2:7f'),(546,'44:e4:d9:84:c2:7a'),(547,'44:e4:d9:84:c2:76'),(548,'78:f5:fd:40:2b:aa'),(549,'44:e4:d9:85:2b:af'),(550,'44:e4:d9:85:2b:aa'),(551,'02:06:00:01:6f:80'),(552,'02:06:00:01:6d:00'),(553,'44:e4:d9:bc:06:da'),(554,'44:e4:d9:bc:06:d6'),(555,'44:e4:d9:bc:06:df'),(556,'44:e4:d9:3f:fd:da'),(557,'44:e4:d9:3f:fd:d8'),(558,'c8:3a:35:46:ef:c0'),(559,'0c:72:2c:d8:5a:94'),(560,'44:e4:d9:aa:8a:50'),(561,'02:06:00:01:73:00'),(562,'08:57:00:41:71:1e'),(563,'68:a8:6d:35:b8:a4'),(564,'78:a1:06:7c:1b:74'),(565,'02:06:00:01:77:00'),(566,'c4:ca:d9:0c:08:90'),(567,'c4:50:06:30:56:da'),(568,'d4:ee:07:08:06:18'),(569,'44:e4:d9:3f:91:a9'),(570,'48:5a:b6:e3:b5:e1'),(571,'00:27:1d:05:24:ba'),(572,'02:06:00:01:6b:80'),(573,'c0:62:6b:85:d1:74'),(574,'c0:62:6b:85:d1:75'),(575,'c0:62:6b:85:d1:7b'),(576,'fe:85:de:96:18:58'),(577,'00:27:1d:06:1f:c5'),(578,'60:6c:66:0d:c0:01'),(579,'c4:ca:d9:0c:05:10'),(580,'e4:d3:32:74:bb:d0'),(581,'02:06:00:01:6c:80'),(582,'0c:82:68:b4:b9:22');

#
# Structure for table "sample"
#

DROP TABLE IF EXISTS `sample`;
CREATE TABLE `sample` (
  `sid` int(11) NOT NULL AUTO_INCREMENT,
  `lid` int(11) NOT NULL,
  `wid` int(11) NOT NULL,
  `level` int(11) DEFAULT NULL,
  `time` bigint(20) DEFAULT NULL,
  PRIMARY KEY (`sid`),
  KEY `lid` (`lid`),
  KEY `wid` (`wid`),
  CONSTRAINT `sample_ibfk_1` FOREIGN KEY (`lid`) REFERENCES `location` (`lid`),
  CONSTRAINT `sample_ibfk_2` FOREIGN KEY (`wid`) REFERENCES `wifi` (`wid`)
) ENGINE=InnoDB AUTO_INCREMENT=5546 DEFAULT CHARSET=utf8;

#
# Data for table "sample"
#

INSERT INTO `sample` VALUES (4466,37,481,-36,1410869554299),(4467,37,482,-82,1410869554439),(4468,37,483,-83,1410869554609),(4469,37,484,-84,1410869554979),(4470,37,485,-53,1410869555159),(4471,37,486,-54,1410869555419),(4472,37,487,-54,1410869555569),(4473,37,488,-54,1410869555859),(4474,37,489,-54,1410869556009),(4475,37,490,-54,1410869556239),(4476,37,491,-70,1410869556459),(4477,37,492,-70,1410869556679),(4478,37,493,-71,1410869556869),(4479,37,494,-71,1410869557009),(4480,37,495,-77,1410869557159),(4481,37,496,-89,1410869557349),(4482,37,481,-52,1410869565979),(4483,37,482,-82,1410869566099),(4484,37,483,-83,1410869566179),(4485,37,484,-86,1410869587339),(4486,37,485,-53,1410869587429),(4487,37,486,-52,1410869587509),(4488,37,487,-52,1410869587629),(4489,37,488,-52,1410869587739),(4490,37,489,-52,1410869587839),(4491,37,490,-53,1410869587949),(4492,37,491,-66,1410869588049),(4493,37,492,-67,1410869588149),(4494,37,493,-71,1410869588219),(4495,37,494,-67,1410869588359),(4496,37,495,-80,1410869588449),(4497,37,496,-89,1410869588519),(4498,37,497,-75,1410869588689),(4499,37,498,-67,1410869588859),(4500,37,499,-85,1410869589019),(4501,37,500,-86,1410869589229),(4502,37,501,-87,1410869589499),(4503,37,481,-44,1410869596019),(4504,37,482,-89,1410869596119),(4505,37,483,-83,1410869596209),(4506,37,484,-86,1410869596289),(4507,37,485,-53,1410869596379),(4508,37,486,-52,1410869596569),(4509,37,487,-52,1410869596669),(4510,37,488,-53,1410869597149),(4511,37,489,-52,1410869597229),(4512,37,490,-53,1410869597399),(4513,37,491,-72,1410869597489),(4514,37,492,-72,1410869597669),(4515,37,493,-74,1410869597739),(4516,37,494,-67,1410869597879),(4517,37,495,-76,1410869597949),(4518,37,496,-89,1410869598039),(4519,37,497,-71,1410869598119),(4520,37,498,-67,1410869598209),(4521,37,499,-85,1410869598289),(4522,37,500,-86,1410869598419),(4523,37,501,-87,1410869598509),(4524,37,502,-91,1410869598749),(4525,37,503,-73,1410869598939),(4526,37,504,-74,1410869599089),(4527,37,505,-86,1410869599229),(4528,37,506,-90,1410869599419),(4529,38,481,-71,1410869669719),(4530,38,482,-78,1410869669869),(4531,38,484,-78,1410869669999),(4532,38,485,-53,1410869670069),(4533,38,486,-42,1410869670159),(4534,38,487,-42,1410869670249),(4535,38,488,-42,1410869670339),(4536,38,489,-52,1410869670409),(4537,38,490,-42,1410869670549),(4538,38,491,-70,1410869670619),(4539,38,492,-73,1410869670719),(4540,38,493,-70,1410869670869),(4541,38,494,-72,1410869670989),(4542,38,495,-77,1410869671109),(4543,38,497,-74,1410869671189),(4544,38,498,-75,1410869671289),(4545,38,499,-83,1410869671399),(4546,38,500,-83,1410869671499),(4547,38,501,-87,1410869671579),(4548,38,502,-91,1410869671679),(4549,38,503,-73,1410869671819),(4550,38,504,-70,1410869672039),(4551,38,505,-86,1410869672119),(4552,38,506,-90,1410869672299),(4553,38,507,-89,1410869672459),(4554,38,508,-88,1410869672679),(4555,38,509,-83,1410869672949),(4556,38,510,-88,1410869673199),(4557,38,511,-87,1410869673349),(4558,38,512,-87,1410869674119),(4559,38,513,-90,1410869674259),(4560,38,514,-91,1410869674409),(4561,38,515,-91,1410869674589),(4562,38,516,-91,1410869674829),(4563,38,517,-91,1410869675009),(4564,38,518,-90,1410869675149),(4565,38,519,-86,1410869675299),(4566,38,520,-74,1410869675469),(4567,38,483,-76,1410869675579),(4568,38,521,-78,1410869675729),(4569,38,522,-91,1410869675999),(4570,38,481,-69,1410869681659),(4571,38,482,-78,1410869681809),(4572,38,484,-82,1410869681899),(4573,38,485,-55,1410869681979),(4574,38,486,-53,1410869682109),(4575,38,487,-61,1410869682219),(4576,38,488,-49,1410869682339),(4577,38,489,-52,1410869682429),(4578,38,490,-42,1410869682529),(4579,38,491,-76,1410869682609),(4580,38,492,-74,1410869682699),(4581,38,493,-72,1410869682849),(4582,38,494,-74,1410869682939),(4583,38,495,-77,1410869683129),(4584,38,497,-93,1410869683219),(4585,38,498,-72,1410869683429),(4586,38,499,-83,1410869683509),(4587,38,500,-83,1410869683599),(4588,38,503,-73,1410869683679),(4589,38,504,-73,1410869683769),(4590,38,508,-83,1410869683889),(4591,38,509,-84,1410869684049),(4592,38,510,-82,1410869684259),(4593,38,511,-89,1410869684389),(4594,38,512,-82,1410869684559),(4595,38,513,-90,1410869684639),(4596,38,514,-91,1410869684729),(4597,38,517,-91,1410869684869),(4598,38,518,-90,1410869684969),(4599,38,519,-86,1410869685079),(4600,38,520,-74,1410869685269),(4601,38,483,-82,1410869685349),(4602,38,521,-87,1410869685439),(4603,38,522,-91,1410869685549),(4604,38,523,-91,1410869685699),(4605,38,524,-88,1410869685859),(4606,38,525,-85,1410869686059),(4607,38,481,-61,1410869691059),(4608,38,482,-78,1410869691219),(4609,38,484,-78,1410869691309),(4610,38,485,-55,1410869691499),(4611,38,486,-51,1410869691589),(4612,38,487,-51,1410869691659),(4613,38,488,-52,1410869691759),(4614,38,489,-52,1410869691909),(4615,38,490,-42,1410869691979),(4616,38,491,-70,1410869692329),(4617,38,492,-73,1410869693099),(4618,38,493,-71,1410869693169),(4619,38,494,-69,1410869693259),(4620,38,495,-77,1410869693609),(4621,38,497,-83,1410869693679),(4622,38,498,-72,1410869693769),(4623,38,499,-83,1410869693849),(4624,38,500,-83,1410869693949),(4625,38,503,-73,1410869694039),(4626,38,504,-73,1410869694169),(4627,38,508,-83,1410869694249),(4628,38,509,-84,1410869694349),(4629,38,510,-82,1410869694549),(4630,38,511,-89,1410869694679),(4631,38,512,-82,1410869694759),(4632,38,513,-90,1410869694879),(4633,38,514,-91,1410869694959),(4634,38,517,-91,1410869695079),(4635,38,518,-90,1410869695159),(4636,38,519,-86,1410869695269),(4637,38,520,-74,1410869695349),(4638,38,483,-80,1410869695499),(4639,38,521,-87,1410869695619),(4640,38,522,-91,1410869695719),(4641,38,523,-91,1410869695799),(4642,38,524,-88,1410869695889),(4643,38,525,-85,1410869695979),(4644,39,481,-61,1410869733059),(4645,39,484,-78,1410869733139),(4646,39,485,-55,1410869733219),(4647,39,486,-75,1410869733299),(4648,39,487,-51,1410869733389),(4649,39,488,-74,1410869733479),(4650,39,489,-52,1410869733559),(4651,39,490,-42,1410869733689),(4652,39,491,-70,1410869733779),(4653,39,492,-73,1410869733869),(4654,39,493,-71,1410869733979),(4655,39,494,-69,1410869734089),(4656,39,497,-83,1410869734179),(4657,39,498,-72,1410869734259),(4658,39,504,-73,1410869734349),(4659,39,508,-78,1410869734439),(4660,39,509,-78,1410869734529),(4661,39,510,-76,1410869734819),(4662,39,511,-75,1410869734919),(4663,39,512,-76,1410869735009),(4664,39,520,-74,1410869735089),(4665,39,483,-80,1410869735179),(4666,39,521,-87,1410869735259),(4667,39,524,-88,1410869735349),(4668,39,525,-85,1410869735469),(4669,39,526,-74,1410869735709),(4670,39,527,-81,1410869735869),(4671,39,528,-83,1410869736019),(4672,39,529,-84,1410869736159),(4673,39,530,-85,1410869736339),(4674,39,531,-89,1410869736489),(4675,39,532,-91,1410869736799),(4676,39,533,-91,1410869736999),(4677,39,481,-82,1410869744909),(4678,39,484,-78,1410869745019),(4679,39,485,-55,1410869745119),(4680,39,486,-76,1410869745239),(4681,39,487,-51,1410869745329),(4682,39,488,-79,1410869745409),(4683,39,489,-52,1410869745499),(4684,39,490,-78,1410869745569),(4685,39,491,-70,1410869745659),(4686,39,492,-73,1410869745769),(4687,39,493,-71,1410869745919),(4688,39,494,-69,1410869746089),(4689,39,497,-83,1410869746189),(4690,39,498,-72,1410869746299),(4691,39,504,-73,1410869746399),(4692,39,508,-78,1410869746469),(4693,39,509,-78,1410869746569),(4694,39,510,-76,1410869746649),(4695,39,511,-77,1410869746789),(4696,39,512,-76,1410869746979),(4697,39,520,-74,1410869747069),(4698,39,483,-80,1410869747149),(4699,39,521,-87,1410869747289),(4700,39,524,-88,1410869747379),(4701,39,525,-85,1410869747459),(4702,39,526,-82,1410869747559),(4703,39,527,-81,1410869747639),(4704,39,528,-83,1410869747779),(4705,39,529,-84,1410869747979),(4706,39,530,-85,1410869748169),(4707,39,531,-89,1410869748239),(4708,39,532,-91,1410869748459),(4709,39,533,-91,1410869748529),(4710,39,534,-85,1410869748679),(4711,39,535,-91,1410869748839),(4712,39,536,-75,1410869749109),(4713,39,481,-82,1410869760490),(4714,39,484,-78,1410869760650),(4715,39,485,-55,1410869760730),(4716,39,486,-76,1410869760820),(4717,39,487,-75,1410869760890),(4718,39,488,-74,1410869761030),(4719,39,489,-52,1410869761180),(4720,39,490,-73,1410869761270),(4721,39,491,-70,1410869761350),(4722,39,492,-73,1410869761450),(4723,39,493,-71,1410869761530),(4724,39,494,-69,1410869761670),(4725,39,497,-83,1410869761800),(4726,39,498,-93,1410869761890),(4727,39,504,-73,1410869761990),(4728,39,508,-78,1410869762190),(4729,39,509,-79,1410869762290),(4730,39,510,-79,1410869762370),(4731,39,511,-79,1410869762460),(4732,39,512,-79,1410869762530),(4733,39,520,-59,1410869762650),(4734,39,483,-80,1410869762740),(4735,39,521,-87,1410869762940),(4736,39,524,-88,1410869763170),(4737,39,525,-85,1410869763540),(4738,39,526,-77,1410869763610),(4739,39,527,-81,1410869763700),(4740,39,528,-87,1410869763780),(4741,39,529,-86,1410869763870),(4742,39,530,-91,1410869763980),(4743,39,531,-89,1410869764160),(4744,39,532,-89,1410869764240),(4745,39,533,-91,1410869764320),(4746,39,534,-85,1410869764440),(4747,39,535,-91,1410869764520),(4748,39,536,-75,1410869764610),(4749,39,507,-91,1410869764720),(4750,39,537,-92,1410869764970),(4751,40,481,-56,1410869784940),(4752,40,485,-65,1410869785020),(4753,40,486,-65,1410869785100),(4754,40,487,-75,1410869785180),(4755,40,488,-66,1410869785330),(4756,40,489,-52,1410869785420),(4757,40,490,-67,1410869785500),(4758,40,491,-85,1410869785610),(4759,40,492,-86,1410869785690),(4760,40,493,-86,1410869785770),(4761,40,498,-93,1410869785950),(4762,40,504,-87,1410869786030),(4763,40,508,-79,1410869786120),(4764,40,509,-81,1410869786200),(4765,40,510,-79,1410869786340),(4766,40,511,-68,1410869786420),(4767,40,512,-74,1410869786500),(4768,40,520,-59,1410869786610),(4769,40,526,-84,1410869786730),(4770,40,527,-81,1410869786810),(4771,40,528,-90,1410869786900),(4772,40,529,-86,1410869787000),(4773,40,530,-91,1410869787090),(4774,40,531,-89,1410869787170),(4775,40,532,-89,1410869787320),(4776,40,533,-91,1410869787410),(4777,40,534,-85,1410869787500),(4778,40,535,-91,1410869787610),(4779,40,536,-73,1410869787700),(4780,40,507,-89,1410869787780),(4781,40,537,-92,1410869787870),(4782,40,503,-76,1410869787950),(4783,40,523,-82,1410869788040),(4784,40,483,-90,1410869788120),(4785,40,501,-76,1410869788200),(4786,40,499,-77,1410869788290),(4787,40,513,-81,1410869788460),(4788,40,522,-81,1410869788570),(4789,40,514,-81,1410869788640),(4790,40,481,-61,1410869798860),(4791,40,485,-66,1410869798950),(4792,40,486,-65,1410869799030),(4793,40,488,-66,1410869799120),(4794,40,489,-52,1410869799200),(4795,40,490,-67,1410869799370),(4796,40,491,-87,1410869799520),(4797,40,492,-87,1410869799610),(4798,40,493,-86,1410869799680),(4799,40,504,-87,1410869799810),(4800,40,508,-80,1410869799890),(4801,40,509,-79,1410869799980),(4802,40,511,-68,1410869800060),(4803,40,512,-80,1410869800170),(4804,40,520,-69,1410869800280),(4805,40,526,-84,1410869800400),(4806,40,528,-90,1410869800570),(4807,40,536,-73,1410869800660),(4808,40,507,-89,1410869800740),(4809,40,503,-73,1410869800860),(4810,40,523,-77,1410869800940),(4811,40,483,-91,1410869801030),(4812,40,501,-75,1410869801100),(4813,40,499,-75,1410869801190),(4814,40,513,-77,1410869801360),(4815,40,522,-78,1410869801640),(4816,40,514,-78,1410869801730),(4817,40,517,-78,1410869801840),(4818,40,518,-78,1410869801940),(4819,40,538,-83,1410869802090),(4820,40,494,-85,1410869802170),(4821,40,516,-91,1410869802260),(4822,40,524,-85,1410869802350),(4823,40,539,-88,1410869802610),(4824,40,540,-94,1410869802830),(4825,40,541,-67,1410869803040),(4826,40,497,-83,1410869803110),(4827,40,542,-86,1410869803280),(4828,40,506,-74,1410869803370),(4829,40,500,-77,1410869803510),(4830,40,481,-75,1410869808330),(4831,40,485,-66,1410869808480),(4832,40,486,-65,1410869808570),(4833,40,488,-66,1410869808650),(4834,40,489,-52,1410869808750),(4835,40,490,-67,1410869808880),(4836,40,491,-83,1410869808980),(4837,40,492,-84,1410869809060),(4838,40,493,-83,1410869809150),(4839,40,504,-81,1410869809230),(4840,40,508,-77,1410869809350),(4841,40,509,-79,1410869809460),(4842,40,511,-68,1410869809560),(4843,40,512,-79,1410869809640),(4844,40,520,-74,1410869809840),(4845,40,526,-84,1410869809920),(4846,40,528,-90,1410869810010),(4847,40,536,-73,1410869810150),(4848,40,507,-89,1410869810260),(4849,40,503,-73,1410869810330),(4850,40,523,-81,1410869810450),(4851,40,483,-91,1410869810530),(4852,40,501,-75,1410869810620),(4853,40,499,-75,1410869810840),(4854,40,513,-77,1410869810960),(4855,40,522,-80,1410869811070),(4856,40,514,-80,1410869811150),(4857,40,517,-81,1410869811230),(4858,40,518,-78,1410869811310),(4859,40,538,-83,1410869811460),(4860,40,494,-85,1410869811560),(4861,40,516,-91,1410869811650),(4862,40,524,-85,1410869811810),(4863,40,539,-88,1410869811910),(4864,40,540,-94,1410869812040),(4865,40,541,-67,1410869812110),(4866,40,497,-83,1410869812200),(4867,40,542,-86,1410869812280),(4868,40,506,-74,1410869812370),(4869,40,500,-77,1410869812470),(4870,37,489,-57,1410869938660),(4871,37,481,-49,1410869938800),(4872,37,497,-80,1410869938980),(4873,37,487,-54,1410869939070),(4874,37,488,-54,1410869939150),(4875,37,486,-54,1410869939230),(4876,37,498,-71,1410869939320),(4877,37,504,-72,1410869939470),(4878,37,493,-68,1410869939550),(4879,37,492,-69,1410869939650),(4880,37,491,-68,1410869939780),(4881,37,494,-68,1410869940010),(4882,37,520,-66,1410869940100),(4883,37,485,-89,1410869940180),(4884,37,490,-59,1410869940270),(4885,37,501,-85,1410869940350),(4886,37,517,-96,1410869940490),(4887,37,514,-97,1410869940570),(4888,37,511,-87,1410869940660),(4889,37,503,-71,1410869940780),(4890,37,500,-83,1410869940870),(4891,37,495,-88,1410869941080),(4892,37,523,-93,1410869941170),(4893,37,543,-96,1410869941320),(4894,40,489,-75,1410870535013),(4895,40,481,-70,1410870535163),(4896,40,486,-72,1410870535373),(4897,40,488,-65,1410870535513),(4898,40,490,-56,1410870535593),(4899,40,486,-77,1410870535833),(4900,40,544,-77,1410870536100),(4901,40,545,-77,1410870536375),(4902,40,488,-76,1410870536518),(4903,40,546,-77,1410870536705),(4904,40,547,-77,1410870537677),(4905,40,498,-75,1410870537897),(4906,40,491,-73,1410870538049),(4907,40,492,-85,1410870538141),(4908,40,493,-73,1410870538243),(4909,40,548,-74,1410870538549),(4910,40,549,-77,1410870538849),(4911,40,550,-76,1410870539129),(4912,40,487,-72,1410870539209),(4913,40,503,-74,1410870539309),(4914,40,520,-71,1410870539429),(4915,40,514,-75,1410870539549),(4916,40,523,-77,1410870539619),(4917,40,517,-76,1410870539749),(4918,40,497,-73,1410870539839),(4919,40,551,-85,1410870540009),(4920,40,524,-80,1410870540089),(4921,40,494,-83,1410870540169),(4922,40,504,-82,1410870540239),(4923,40,552,-78,1410870540419),(4924,40,500,-81,1410870540519),(4925,40,513,-77,1410870540599),(4926,40,538,-89,1410870541059),(4927,40,485,-72,1410870541399),(4928,40,522,-75,1410870541599),(4929,40,553,-82,1410870541869),(4930,40,501,-78,1410870542019),(4931,40,554,-83,1410870542169),(4932,40,512,-84,1410870542269),(4933,40,510,-84,1410870542349),(4934,40,555,-85,1410870542529),(4935,40,518,-82,1410870542639),(4936,40,536,-83,1410870542699),(4937,40,511,-84,1410870542909),(4938,40,509,-85,1410870543049),(4939,40,556,-91,1410870543199),(4940,40,557,-92,1410870543349),(4941,40,489,-73,1410870551414),(4942,40,481,-70,1410870551650),(4943,40,486,-73,1410870551762),(4944,40,488,-71,1410870551894),(4945,40,486,-73,1410870552036),(4946,40,544,-73,1410870552116),(4947,40,545,-73,1410870552226),(4948,40,488,-74,1410870552356),(4949,40,546,-72,1410870552466),(4950,40,547,-74,1410870552566),(4951,40,498,-83,1410870552656),(4952,40,491,-86,1410870552816),(4953,40,492,-81,1410870552926),(4954,40,548,-74,1410870553086),(4955,40,549,-79,1410870553176),(4956,40,550,-79,1410870553276),(4957,40,487,-71,1410870553416),(4958,40,503,-74,1410870553516),(4959,40,520,-70,1410870553606),(4960,40,514,-85,1410870553846),(4961,40,523,-84,1410870554296),(4962,40,517,-85,1410870554376),(4963,40,524,-80,1410870554476),(4964,40,494,-83,1410870554556),(4965,40,504,-82,1410870554646),(4966,40,500,-79,1410870554756),(4967,40,513,-87,1410870554846),(4968,40,485,-72,1410870554916),(4969,40,522,-84,1410870555006),(4970,40,553,-89,1410870555236),(4971,40,501,-80,1410870555336),(4972,40,554,-83,1410870555406),(4973,40,512,-89,1410870555506),(4974,40,510,-90,1410870555586),(4975,40,555,-90,1410870555686),(4976,40,518,-84,1410870555796),(4977,40,536,-83,1410870555896),(4978,40,511,-82,1410870555976),(4979,40,509,-82,1410870556076),(4980,40,556,-91,1410870556246),(4981,40,557,-92,1410870556376),(4982,40,482,-88,1410870556466),(4983,40,499,-78,1410870556566),(4984,40,505,-80,1410870556636),(4985,40,512,-83,1410870556746),(4986,40,510,-83,1410870556926),(4987,37,489,-52,1410870761309),(4988,37,481,-48,1410870761519),(4989,37,486,-50,1410870761679),(4990,37,488,-51,1410870761769),(4991,37,486,-57,1410870761899),(4992,37,544,-59,1410870761979),(4993,37,545,-59,1410870762079),(4994,37,488,-58,1410870762169),(4995,37,546,-60,1410870762269),(4996,37,547,-60,1410870762339),(4997,37,498,-86,1410870762479),(4998,37,491,-75,1410870762619),(4999,37,492,-74,1410870762719),(5000,37,548,-67,1410870762869),(5001,37,549,-81,1410870762969),(5002,37,550,-79,1410870763069),(5003,37,487,-50,1410870763189),(5004,37,503,-67,1410870763319),(5005,37,520,-70,1410870763769),(5006,37,514,-91,1410870763869),(5007,37,523,-89,1410870763949),(5008,37,517,-82,1410870764119),(5009,37,524,-85,1410870764229),(5010,37,504,-74,1410870764359),(5011,37,500,-79,1410870764459),(5012,37,513,-87,1410870764539),(5013,37,522,-89,1410870764909),(5014,37,553,-89,1410870765059),(5015,37,501,-80,1410870765139),(5016,37,512,-89,1410870765239),(5017,37,510,-90,1410870765319),(5018,37,555,-90,1410870765459),(5019,37,518,-90,1410870765539),(5020,37,511,-82,1410870765639),(5021,37,509,-82,1410870765779),(5022,37,482,-88,1410870765919),(5023,37,499,-78,1410870765989),(5024,37,505,-80,1410870766079),(5025,37,512,-83,1410870766159),(5026,37,510,-83,1410870766249),(5027,37,497,-76,1410870766319),(5028,37,558,-89,1410870766539),(5029,37,559,-92,1410870766909),(5030,37,490,-56,1410870766999),(5031,37,493,-75,1410870767079),(5032,37,552,-80,1410870767169),(5033,37,493,-91,1410870767239),(5034,37,496,-91,1410870767369),(5035,37,560,-93,1410870767509),(5036,37,561,-97,1410870767659),(5037,41,489,-55,1410871096427),(5038,41,481,-81,1410871096507),(5039,41,486,-73,1410871096607),(5040,41,488,-54,1410871096697),(5041,41,486,-66,1410871096777),(5042,41,544,-64,1410871096867),(5043,41,545,-65,1410871096947),(5044,41,488,-66,1410871097077),(5045,41,546,-66,1410871097157),(5046,41,547,-64,1410871097307),(5047,41,498,-84,1410871097397),(5048,41,491,-82,1410871097517),(5049,41,492,-81,1410871097607),(5050,41,548,-82,1410871097797),(5051,41,487,-57,1410871097867),(5052,41,504,-77,1410871097967),(5053,41,493,-79,1410871098037),(5054,41,520,-89,1410871098157),(5055,41,490,-59,1410871098227),(5056,41,521,-86,1410871098377),(5057,41,483,-88,1410871098457),(5058,41,482,-89,1410871098577),(5059,41,484,-94,1410871098647),(5060,41,495,-88,1410871098737),(5061,41,562,-89,1410871098937),(5062,41,563,-91,1410871099087),(5063,41,564,-93,1410871099397),(5064,41,485,-60,1410871099517),(5065,41,494,-84,1410871099587),(5066,41,552,-86,1410871099687),(5067,41,543,-92,1410871099757),(5068,41,549,-86,1410871099847),(5069,41,503,-83,1410871099947),(5070,41,565,-94,1410871100097),(5071,37,489,-55,1410872472518),(5072,37,481,-35,1410872472648),(5073,37,485,-60,1410872472728),(5074,37,486,-56,1410872472808),(5075,37,488,-58,1410872472898),(5076,37,487,-54,1410872473008),(5077,37,520,-70,1410872473098),(5078,37,503,-72,1410872473178),(5079,37,494,-73,1410872473278),(5080,37,493,-72,1410872473358),(5081,37,491,-77,1410872473438),(5082,37,492,-72,1410872473548),(5083,37,504,-76,1410872473678),(5084,37,498,-75,1410872473768),(5085,37,511,-83,1410872473858),(5086,37,512,-85,1410872473978),(5087,37,517,-92,1410872474068),(5088,37,538,-89,1410872474138),(5089,37,566,-91,1410872474288),(5090,37,567,-88,1410872474458),(5091,37,568,-94,1410872474688),(5092,37,521,-95,1410872474958),(5093,37,501,-84,1410872475048),(5094,37,500,-84,1410872475138),(5095,37,569,-85,1410872475288),(5096,37,496,-94,1410872475368),(5097,37,489,-52,1410873601761),(5098,37,481,-48,1410873601894),(5099,37,570,-68,1410873602098),(5100,37,486,-51,1410873602228),(5101,37,487,-53,1410873602544),(5102,37,494,-81,1410873602688),(5103,37,504,-75,1410873602778),(5104,37,498,-75,1410873602888),(5105,37,493,-75,1410873602978),(5106,37,492,-77,1410873603088),(5107,37,491,-75,1410873603218),(5108,37,517,-88,1410873603320),(5109,37,514,-88,1410873603410),(5110,37,520,-72,1410873603570),(5111,37,512,-85,1410873603660),(5112,37,509,-84,1410873603790),(5113,37,510,-85,1410873603870),(5114,37,523,-87,1410873603980),(5115,37,540,-82,1410873604050),(5116,37,488,-51,1410873604170),(5117,37,571,-92,1410873604360),(5118,37,515,-85,1410873604700),(5119,37,513,-91,1410873604830),(5120,37,524,-92,1410873604910),(5121,37,499,-89,1410873605000),(5122,37,503,-76,1410873605080),(5123,37,522,-91,1410873605190),(5124,37,572,-98,1410873605330),(5125,38,489,-75,1410873608070),(5126,38,570,-66,1410873608320),(5127,38,486,-73,1410873608420),(5128,38,487,-79,1410873608540),(5129,38,504,-97,1410873608640),(5130,38,493,-92,1410873608720),(5131,38,492,-93,1410873608810),(5132,38,520,-68,1410873608910),(5133,38,512,-79,1410873609000),(5134,38,510,-78,1410873609100),(5135,38,488,-75,1410873609390),(5136,38,503,-73,1410873609480),(5137,38,511,-79,1410873609610),(5138,38,485,-81,1410873609710),(5139,38,500,-98,1410873609960),(5140,38,528,-87,1410873610040),(5141,38,490,-76,1410873610140),(5142,38,526,-91,1410873610230),(5143,38,509,-79,1410873610350),(5144,38,529,-92,1410873610510),(5145,38,542,-93,1410873610610),(5146,38,508,-79,1410873610740),(5147,38,494,-90,1410873610880),(5148,38,573,-93,1410873611050),(5149,38,491,-91,1410873611140),(5150,38,574,-95,1410873611320),(5151,38,575,-96,1410873611590),(5152,38,489,-75,1410873613480),(5153,38,570,-66,1410873613720),(5154,38,486,-73,1410873613840),(5155,38,487,-79,1410873613940),(5156,38,504,-97,1410873614020),(5157,38,493,-92,1410873614120),(5158,38,492,-93,1410873614200),(5159,38,520,-68,1410873614320),(5160,38,512,-79,1410873614420),(5161,38,510,-78,1410873614570),(5162,38,488,-75,1410873614660),(5163,38,503,-73,1410873614810),(5164,38,511,-79,1410873614950),(5165,38,485,-81,1410873615050),(5166,38,500,-98,1410873615130),(5167,38,528,-87,1410873615230),(5168,38,490,-76,1410873615310),(5169,38,526,-91,1410873615430),(5170,38,509,-79,1410873615580),(5171,38,529,-92,1410873615670),(5172,38,542,-93,1410873615750),(5173,38,508,-79,1410873615860),(5174,38,494,-90,1410873615940),(5175,38,573,-93,1410873616040),(5176,38,491,-91,1410873616120),(5177,38,574,-95,1410873616220),(5178,38,575,-96,1410873616300),(5179,42,489,-75,1410873619880),(5180,42,570,-66,1410873619980),(5181,42,486,-73,1410873620200),(5182,42,487,-79,1410873620290),(5183,42,504,-97,1410873620390),(5184,42,493,-92,1410873620460),(5185,42,492,-93,1410873620580),(5186,42,520,-68,1410873620730),(5187,42,512,-79,1410873621010),(5188,42,510,-78,1410873621080),(5189,42,488,-75,1410873621180),(5190,42,503,-73,1410873621250),(5191,42,511,-79,1410873621340),(5192,42,485,-81,1410873621420),(5193,42,500,-98,1410873621530),(5194,42,528,-87,1410873621700),(5195,42,490,-76,1410873621870),(5196,42,526,-91,1410873621950),(5197,42,509,-79,1410873622060),(5198,42,529,-92,1410873622140),(5199,42,542,-93,1410873622240),(5200,42,508,-79,1410873622320),(5201,42,494,-90,1410873622420),(5202,42,573,-93,1410873622500),(5203,42,491,-91,1410873622620),(5204,42,574,-95,1410873622780),(5205,42,575,-96,1410873622870),(5206,40,489,-78,1410873625270),(5207,40,570,-69,1410873625360),(5208,40,486,-72,1410873625480),(5209,40,487,-71,1410873625560),(5210,40,504,-83,1410873625650),(5211,40,493,-87,1410873625720),(5212,40,492,-85,1410873625810),(5213,40,520,-60,1410873626020),(5214,40,512,-80,1410873626110),(5215,40,510,-80,1410873626190),(5216,40,488,-75,1410873626290),(5217,40,511,-81,1410873626370),(5218,40,485,-81,1410873626490),(5219,40,528,-87,1410873626570),(5220,40,490,-76,1410873626670),(5221,40,526,-91,1410873626750),(5222,40,509,-79,1410873626840),(5223,40,494,-87,1410873626920),(5224,40,573,-93,1410873627120),(5225,40,491,-91,1410873627210),(5226,40,574,-95,1410873627290),(5227,40,575,-96,1410873627380),(5228,40,481,-76,1410873627470),(5229,40,498,-84,1410873627540),(5230,40,560,-90,1410873627640),(5231,40,514,-91,1410873627760),(5232,40,517,-91,1410873627990),(5233,40,522,-91,1410873628220),(5234,40,523,-91,1410873628320),(5235,40,518,-92,1410873628400),(5236,40,489,-78,1410873631480),(5237,40,570,-69,1410873631610),(5238,40,486,-72,1410873631700),(5239,40,487,-71,1410873631810),(5240,40,504,-83,1410873631900),(5241,40,493,-87,1410873632030),(5242,40,492,-85,1410873632120),(5243,40,520,-60,1410873632260),(5244,40,512,-80,1410873632400),(5245,40,510,-80,1410873632480),(5246,40,488,-75,1410873632590),(5247,40,511,-81,1410873632680),(5248,40,485,-81,1410873632960),(5249,40,528,-87,1410873633060),(5250,40,490,-76,1410873633130),(5251,40,526,-91,1410873633310),(5252,40,509,-79,1410873633390),(5253,40,494,-87,1410873633530),(5254,40,573,-93,1410873633610),(5255,40,491,-91,1410873633710),(5256,40,574,-95,1410873633800),(5257,40,575,-96,1410873633900),(5258,40,481,-76,1410873634000),(5259,40,498,-84,1410873634100),(5260,40,560,-90,1410873634300),(5261,40,514,-91,1410873634410),(5262,40,517,-91,1410873634490),(5263,40,522,-91,1410873634730),(5264,40,523,-91,1410873635030),(5265,40,518,-92,1410873635140),(5266,40,489,-68,1410873639040),(5267,40,570,-78,1410873639180),(5268,40,486,-68,1410873639270),(5269,40,487,-66,1410873639390),(5270,40,504,-84,1410873639500),(5271,40,493,-84,1410873639620),(5272,40,492,-86,1410873639730),(5273,40,520,-78,1410873639910),(5274,40,512,-85,1410873640020),(5275,40,510,-85,1410873640140),(5276,40,488,-67,1410873640210),(5277,40,511,-81,1410873640310),(5278,40,485,-74,1410873640380),(5279,40,490,-69,1410873640570),(5280,40,494,-84,1410873640680),(5281,40,491,-84,1410873640830),(5282,40,481,-75,1410873640910),(5283,40,498,-93,1410873641000),(5284,40,560,-93,1410873641080),(5285,40,514,-84,1410873641200),(5286,40,517,-83,1410873641280),(5287,40,522,-86,1410873641380),(5288,40,523,-85,1410873641560),(5289,40,518,-85,1410873641680),(5290,40,513,-83,1410873641760),(5291,40,508,-90,1410873641850),(5292,40,489,-68,1410873643330),(5293,40,570,-78,1410873643420),(5294,40,486,-68,1410873643510),(5295,40,487,-66,1410873643650),(5296,40,504,-84,1410873643740),(5297,40,493,-84,1410873643850),(5298,40,492,-86,1410873643940),(5299,40,520,-78,1410873644020),(5300,40,512,-85,1410873644120),(5301,40,510,-85,1410873644200),(5302,40,488,-67,1410873644340),(5303,40,511,-81,1410873644430),(5304,40,485,-74,1410873644520),(5305,40,490,-69,1410873644650),(5306,40,494,-84,1410873644760),(5307,40,491,-84,1410873644860),(5308,40,481,-75,1410873644950),(5309,40,498,-93,1410873645040),(5310,40,560,-93,1410873645140),(5311,40,514,-84,1410873645220),(5312,40,517,-83,1410873645330),(5313,40,522,-86,1410873645410),(5314,40,523,-85,1410873645530),(5315,40,518,-85,1410873645670),(5316,40,513,-83,1410873645760),(5317,40,508,-90,1410873645930),(5318,40,489,-68,1410873648110),(5319,40,570,-78,1410873648200),(5320,40,486,-68,1410873648280),(5321,40,487,-66,1410873648370),(5322,40,504,-84,1410873648470),(5323,40,493,-84,1410873648560),(5324,40,492,-86,1410873648630),(5325,40,520,-78,1410873648720),(5326,40,512,-85,1410873648810),(5327,40,510,-85,1410873648980),(5328,40,488,-67,1410873649100),(5329,40,511,-81,1410873649180),(5330,40,485,-74,1410873649270),(5331,40,490,-69,1410873649340),(5332,40,494,-84,1410873649480),(5333,40,491,-84,1410873649550),(5334,40,481,-75,1410873649640),(5335,40,498,-93,1410873649730),(5336,40,560,-93,1410873649820),(5337,40,514,-84,1410873650030),(5338,40,517,-83,1410873650120),(5339,40,522,-86,1410873650200),(5340,40,523,-85,1410873650280),(5341,40,518,-85,1410873650420),(5342,40,513,-83,1410873650540),(5343,40,508,-90,1410873650620),(5344,40,489,-68,1410873652730),(5345,40,570,-78,1410873652840),(5346,40,486,-68,1410873652920),(5347,40,487,-66,1410873653000),(5348,40,504,-84,1410873653200),(5349,40,493,-84,1410873653340),(5350,40,492,-86,1410873653460),(5351,40,520,-78,1410873653640),(5352,40,512,-85,1410873653760),(5353,40,510,-85,1410873653880),(5354,40,488,-67,1410873653950),(5355,40,511,-81,1410873654140),(5356,40,485,-74,1410873654260),(5357,40,490,-69,1410873654350),(5358,40,494,-84,1410873654430),(5359,40,491,-84,1410873654530),(5360,40,481,-75,1410873654600),(5361,40,498,-93,1410873654710),(5362,40,560,-93,1410873654800),(5363,40,514,-84,1410873654900),(5364,40,517,-83,1410873654970),(5365,40,522,-86,1410873655160),(5366,40,523,-85,1410873655260),(5367,40,518,-85,1410873655360),(5368,40,513,-83,1410873655430),(5369,40,508,-90,1410873655530),(5370,40,489,-68,1410873684090),(5371,40,570,-78,1410873684220),(5372,40,486,-68,1410873684340),(5373,40,487,-66,1410873684430),(5374,40,504,-84,1410873684530),(5375,40,493,-84,1410873684610),(5376,40,492,-86,1410873684700),(5377,40,520,-78,1410873684820),(5378,40,512,-85,1410873684900),(5379,40,510,-85,1410873684980),(5380,40,488,-67,1410873685080),(5381,40,511,-81,1410873685180),(5382,40,485,-74,1410873685350),(5383,40,490,-69,1410873685430),(5384,40,494,-84,1410873685520),(5385,40,491,-84,1410873685620),(5386,40,481,-75,1410873685760),(5387,40,498,-93,1410873685840),(5388,40,560,-93,1410873685930),(5389,40,514,-84,1410873686000),(5390,40,517,-83,1410873686090),(5391,40,522,-86,1410873686200),(5392,40,523,-85,1410873686390),(5393,40,518,-85,1410873686470),(5394,40,513,-83,1410873686560),(5395,40,508,-90,1410873686660),(5396,38,489,-49,1410874255615),(5397,38,481,-82,1410874255765),(5398,38,570,-80,1410874256115),(5399,38,484,-83,1410874256465),(5400,38,482,-88,1410874256695),(5401,38,519,-84,1410874257185),(5402,38,521,-83,1410874257425),(5403,38,576,-89,1410874258065),(5404,38,577,-94,1410874258815),(5405,38,487,-60,1410874259605),(5406,38,486,-62,1410874260385),(5407,38,488,-47,1410874260695),(5408,38,545,-62,1410874260855),(5409,38,486,-62,1410874260975),(5410,38,546,-61,1410874261065),(5411,38,544,-61,1410874261135),(5412,38,488,-62,1410874261225),(5413,38,547,-61,1410874261305),(5414,38,503,-70,1410874261415),(5415,38,520,-71,1410874261485),(5416,38,549,-77,1410874261575),(5417,38,550,-77,1410874261795),(5418,38,492,-77,1410874261925),(5419,38,493,-77,1410874262035),(5420,38,494,-79,1410874262116),(5421,38,491,-76,1410874262216),(5422,38,495,-91,1410874262376),(5423,38,571,-88,1410874262456),(5424,38,578,-77,1410874262696),(5425,38,507,-93,1410874262816),(5426,38,524,-89,1410874262896),(5427,38,490,-56,1410874262986),(5428,38,485,-74,1410874263066),(5429,38,498,-76,1410874263156),(5430,38,504,-78,1410874263266),(5431,38,552,-90,1410874263346),(5432,38,579,-94,1410874263486),(5433,38,489,-48,1410874447975),(5434,38,481,-82,1410874448115),(5435,38,570,-76,1410874448275),(5436,38,521,-87,1410874448365),(5437,38,487,-48,1410874448435),(5438,38,486,-46,1410874448535),(5439,38,488,-47,1410874448635),(5440,38,545,-63,1410874448725),(5441,38,486,-62,1410874448795),(5442,38,546,-62,1410874448935),(5443,38,544,-62,1410874448995),(5444,38,488,-63,1410874449176),(5445,38,547,-61,1410874449256),(5446,38,492,-75,1410874449366),(5447,38,493,-73,1410874449446),(5448,38,491,-74,1410874449536),(5449,38,524,-89,1410874449616),(5450,38,498,-77,1410874449706),(5451,38,484,-91,1410874449776),(5452,38,482,-85,1410874449906),(5453,38,495,-88,1410874449976),(5454,38,490,-76,1410874450066),(5455,38,494,-88,1410874450256),(5456,38,525,-93,1410874450366),(5457,38,507,-89,1410874450446),(5458,38,503,-89,1410874450546),(5459,38,520,-77,1410874450666),(5460,38,504,-78,1410874450786),(5461,38,550,-82,1410874450906),(5462,38,549,-82,1410874450986),(5463,38,551,-92,1410874451196),(5464,38,580,-91,1410874451346),(5465,38,563,-91,1410874451546),(5466,38,516,-91,1410874451676),(5467,38,483,-87,1410874451756),(5468,38,501,-93,1410874451936),(5469,38,489,-48,1410874458449),(5470,38,481,-82,1410874458629),(5471,38,570,-76,1410874458849),(5472,38,521,-87,1410874459009),(5473,38,487,-48,1410874459189),(5474,38,486,-46,1410874459279),(5475,38,488,-47,1410874459359),(5476,38,545,-63,1410874459449),(5477,38,486,-62,1410874459569),(5478,38,546,-62,1410874459729),(5479,38,544,-62,1410874459819),(5480,38,488,-63,1410874459950),(5481,38,547,-61,1410874460030),(5482,38,492,-75,1410874460132),(5483,38,493,-73,1410874460212),(5484,38,491,-74,1410874460361),(5485,38,524,-89,1410874460466),(5486,38,498,-77,1410874460546),(5487,38,484,-91,1410874460716),(5488,38,482,-85,1410874460866),(5489,38,495,-88,1410874461047),(5490,38,490,-76,1410874461148),(5491,38,494,-88,1410874461258),(5492,38,525,-93,1410874461370),(5493,38,507,-89,1410874461502),(5494,38,503,-89,1410874461572),(5495,38,520,-77,1410874461722),(5496,38,504,-78,1410874461812),(5497,38,550,-82,1410874461922),(5498,38,549,-82,1410874462002),(5499,38,551,-92,1410874462082),(5500,38,580,-91,1410874462162),(5501,38,563,-91,1410874462252),(5502,38,516,-91,1410874462312),(5503,38,483,-87,1410874462432),(5504,38,501,-93,1410874462502),(5505,38,489,-51,1410875588022),(5506,38,481,-76,1410875588162),(5507,38,570,-77,1410875588252),(5508,38,487,-49,1410875588332),(5509,38,545,-58,1410875588432),(5510,38,486,-49,1410875588532),(5511,38,488,-58,1410875588622),(5512,38,544,-58,1410875588712),(5513,38,547,-59,1410875588872),(5514,38,488,-49,1410875589012),(5515,38,546,-58,1410875589132),(5516,38,486,-59,1410875589212),(5517,38,493,-74,1410875589323),(5518,38,491,-74,1410875589463),(5519,38,492,-78,1410875589653),(5520,38,498,-73,1410875589733),(5521,38,495,-83,1410875589995),(5522,38,494,-73,1410875590075),(5523,38,503,-85,1410875590165),(5524,38,504,-75,1410875590245),(5525,38,520,-81,1410875590326),(5526,38,521,-84,1410875590476),(5527,38,507,-89,1410875590566),(5528,38,490,-56,1410875590646),(5529,38,482,-85,1410875590776),(5530,38,483,-83,1410875590988),(5531,38,484,-86,1410875591078),(5532,38,581,-95,1410875612277),(5533,38,582,-90,1410875612537),(5534,38,485,-71,1410875612617),(5535,38,565,-92,1410875612707),(5536,38,579,-90,1410875612807),(5537,38,525,-91,1410875612897),(5538,38,541,-93,1410875613007),(5539,38,563,-88,1410875613097),(5540,38,524,-85,1410875613177),(5541,38,549,-84,1410875613367),(5542,38,509,-89,1410875613657),(5543,38,517,-91,1410875613747),(5544,38,523,-92,1410875613827),(5545,38,514,-92,1410875613917);
