# Host: localhost  (Version: 5.6.11)
# Date: 2014-09-19 12:09:24
# Generator: MySQL-Front 5.3  (Build 4.155)

/*!40101 SET NAMES utf8 */;

#
# Structure for table "location"
#

DROP TABLE IF EXISTS `location`;
CREATE TABLE `location` (
  `lid` int(11) NOT NULL AUTO_INCREMENT,
  `label` varchar(255) DEFAULT NULL,
  PRIMARY KEY (`lid`)
) ENGINE=InnoDB AUTO_INCREMENT=76 DEFAULT CHARSET=utf8;

#
# Data for table "location"
#

INSERT INTO `location` VALUES (66,'3_1210'),(67,'3_1213_1'),(68,'3_1213_2'),(69,'3_1211_1'),(70,'3_1211_2'),(71,'3_1209_1'),(72,'3_1209_2'),(73,'3_1213_m'),(74,'3_1211_m'),(75,'3_1209_m');

#
# Structure for table "wifi"
#

DROP TABLE IF EXISTS `wifi`;
CREATE TABLE `wifi` (
  `wid` int(11) NOT NULL AUTO_INCREMENT,
  `bssid` varchar(255) DEFAULT '',
  `freq` int(11) DEFAULT NULL,
  PRIMARY KEY (`wid`)
) ENGINE=InnoDB AUTO_INCREMENT=751 DEFAULT CHARSET=utf8;

#
# Data for table "wifi"
#

INSERT INTO `wifi` VALUES (678,'10:8c:cf:11:5e:25',2462),(679,'10:8c:cf:11:5e:20',2462),(680,'10:8c:cf:10:99:50',2437),(681,'10:8c:cf:10:99:55',2437),(682,'10:8c:cf:11:72:55',2412),(683,'10:8c:cf:11:66:35',2437),(684,'10:8c:cf:11:66:30',2437),(685,'10:8c:cf:11:6a:05',2462),(686,'10:8c:cf:11:6a:00',2462),(687,'08:17:35:c7:f9:e0',2412),(688,'2c:d0:5a:32:89:f2',2462),(689,'08:17:35:c7:f9:e5',2412),(690,'10:8c:cf:11:6d:55',2462),(691,'10:8c:cf:11:65:10',2412),(692,'10:8c:cf:10:2d:45',2412),(693,'10:8c:cf:11:72:50',2412),(694,'10:8c:cf:11:35:60',2412),(695,'10:8c:cf:11:6d:50',2462),(696,'10:8c:cf:11:69:20',2437),(697,'10:8c:cf:11:66:80',2462),(698,'10:8c:cf:10:2d:40',2412),(699,'10:8c:cf:10:82:e0',2437),(700,'10:8c:cf:11:66:85',2462),(701,'08:17:35:c7:d4:85',2437),(702,'10:8c:cf:11:50:95',2462),(703,'08:17:35:c7:d4:80',2437),(704,'10:8c:cf:11:50:90',2462),(705,'10:8c:cf:11:72:40',2412),(706,'10:8c:cf:11:72:45',2412),(707,'10:8c:cf:11:69:25',2437),(708,'10:8c:cf:11:65:15',2412),(709,'10:8c:cf:11:6b:a0',2462),(710,'10:8c:cf:11:6b:a5',2462),(711,'10:8c:cf:11:6e:90',2437),(712,'10:8c:cf:10:7e:d0',2412),(713,'10:8c:cf:10:82:e5',2437),(714,'10:8c:cf:11:66:70',2462),(715,'08:17:35:c7:f5:85',2462),(716,'74:e5:0b:db:1f:2b',2412),(717,'10:8c:cf:10:95:80',2412),(718,'00:09:5b:d1:f6:95',2462),(719,'08:17:35:c7:f4:f0',2412),(720,'c4:ca:d9:06:13:50',2462),(721,'10:8c:cf:11:62:b0',2462),(722,'10:8c:cf:11:66:75',2462),(723,'f8:01:13:c5:f7:3f',2437),(724,'10:8c:cf:11:6e:95',2437),(725,'08:17:35:c7:f6:c5',2437),(726,'10:8c:cf:10:85:05',2462),(727,'10:8c:cf:11:65:75',2462),(728,'10:8c:cf:10:86:d5',2412),(729,'08:17:35:c7:f0:80',2462),(730,'08:17:35:c7:f5:80',2462),(731,'10:8c:cf:11:35:65',2412),(732,'08:17:35:c7:f6:c0',2437),(733,'10:8c:cf:11:62:b5',2462),(734,'10:8c:cf:11:67:55',2437),(735,'08:17:35:c7:f0:85',2462),(736,'26:17:fe:b6:a0:f4',2462),(737,'10:8c:cf:10:86:d0',2412),(738,'10:8c:cf:10:81:20',2462),(739,'08:17:35:c7:f4:f5',2412),(740,'10:8c:cf:11:67:50',2437),(741,'10:8c:cf:10:7e:d5',2412),(742,'10:8c:cf:10:80:20',2437),(743,'10:8c:cf:11:65:70',2462),(744,'10:8c:cf:10:80:25',2437),(745,'00:23:89:83:24:40',2437),(746,'10:8c:cf:10:86:65',2412),(747,'a8:57:4e:83:47:04',2437),(748,'58:66:ba:74:aa:a1',2412),(749,'58:66:ba:75:2e:f2',2462),(750,'10:8c:cf:10:75:d5',2462);

#
# Structure for table "sample"
#

DROP TABLE IF EXISTS `sample`;
CREATE TABLE `sample` (
  `sid` int(11) NOT NULL AUTO_INCREMENT,
  `lid` int(11) NOT NULL,
  `wid` int(11) NOT NULL,
  `level` int(11) DEFAULT NULL,
  `time` bigint(20) DEFAULT NULL,
  PRIMARY KEY (`sid`),
  KEY `lid` (`lid`),
  KEY `wid` (`wid`),
  CONSTRAINT `sample_ibfk_1` FOREIGN KEY (`lid`) REFERENCES `location` (`lid`),
  CONSTRAINT `sample_ibfk_2` FOREIGN KEY (`wid`) REFERENCES `wifi` (`wid`)
) ENGINE=InnoDB AUTO_INCREMENT=7409 DEFAULT CHARSET=utf8;

#
# Data for table "sample"
#

INSERT INTO `sample` VALUES (6128,66,678,-67,1411047510925),(6129,66,679,-66,1411047511066),(6130,66,680,-66,1411047511253),(6131,66,681,-67,1411047511409),(6132,66,682,-61,1411047511581),(6133,66,683,-68,1411047511799),(6134,66,684,-68,1411047511955),(6135,66,685,-72,1411047512142),(6136,66,686,-72,1411047512330),(6137,66,687,-80,1411047512486),(6138,66,688,-89,1411047512642),(6139,66,689,-83,1411047512860),(6140,66,690,-77,1411047513016),(6141,66,691,-74,1411047513203),(6142,66,692,-78,1411047513344),(6143,66,693,-62,1411047513546),(6144,66,694,-86,1411047513874),(6145,66,695,-77,1411047514014),(6146,66,696,-75,1411047514170),(6147,66,697,-82,1411047514311),(6148,66,698,-78,1411047514451),(6149,66,699,-89,1411047514592),(6150,66,700,-74,1411047514810),(6151,66,701,-78,1411047514950),(6152,66,702,-75,1411047515091),(6153,66,703,-76,1411047515356),(6154,66,704,-76,1411047515543),(6155,66,705,-78,1411047515699),(6156,66,706,-86,1411047515871),(6157,66,707,-74,1411047516058),(6158,66,708,-75,1411047516198),(6159,66,709,-87,1411047516354),(6160,66,710,-85,1411047516542),(6161,66,711,-90,1411047516682),(6162,66,712,-90,1411047516869),(6163,66,713,-81,1411047517025),(6164,66,714,-81,1411047517197),(6165,66,715,-93,1411047517337),(6166,67,678,-63,1411047547995),(6167,67,679,-64,1411047548089),(6168,67,680,-80,1411047548338),(6169,67,681,-80,1411047548432),(6170,67,682,-69,1411047548510),(6171,67,683,-77,1411047548588),(6172,67,684,-76,1411047548682),(6173,67,685,-78,1411047548806),(6174,67,686,-79,1411047548900),(6175,67,687,-81,1411047548994),(6176,67,688,-87,1411047549072),(6177,67,689,-84,1411047549165),(6178,67,690,-70,1411047549243),(6179,67,693,-59,1411047549352),(6180,67,695,-70,1411047549446),(6181,67,696,-78,1411047549524),(6182,67,698,-79,1411047549618),(6183,67,701,-69,1411047549758),(6184,67,702,-73,1411047549836),(6185,67,703,-73,1411047549945),(6186,67,704,-73,1411047550023),(6187,67,707,-84,1411047550101),(6188,67,709,-84,1411047550242),(6189,67,710,-84,1411047550320),(6190,67,713,-81,1411047550429),(6191,67,714,-82,1411047550522),(6192,67,716,-84,1411047550678),(6193,67,699,-89,1411047550788),(6194,67,700,-80,1411047550866),(6195,67,706,-88,1411047551006),(6196,67,705,-88,1411047551224),(6197,67,717,-87,1411047551926),(6198,67,718,-89,1411047552160),(6199,67,719,-91,1411047552316),(6200,67,720,-91,1411047552504),(6201,67,691,-74,1411047552597),(6202,68,678,-67,1411047578124),(6203,68,679,-67,1411047578217),(6204,68,680,-78,1411047578327),(6205,68,681,-79,1411047578592),(6206,68,682,-52,1411047578685),(6207,68,683,-76,1411047578779),(6208,68,684,-76,1411047578873),(6209,68,685,-80,1411047578951),(6210,68,686,-79,1411047579075),(6211,68,687,-84,1411047579153),(6212,68,688,-88,1411047579247),(6213,68,689,-83,1411047579325),(6214,68,690,-75,1411047579450),(6215,68,693,-54,1411047579559),(6216,68,695,-73,1411047579653),(6217,68,696,-84,1411047579746),(6218,68,698,-82,1411047579824),(6219,68,701,-77,1411047579902),(6220,68,702,-84,1411047580011),(6221,68,703,-77,1411047580089),(6222,68,704,-85,1411047580292),(6223,68,707,-80,1411047580433),(6224,68,714,-82,1411047580557),(6225,68,699,-86,1411047580635),(6226,68,700,-85,1411047580776),(6227,68,718,-88,1411047580854),(6228,68,719,-90,1411047580932),(6229,68,691,-82,1411047581025),(6230,68,708,-81,1411047581119),(6231,68,692,-81,1411047581197),(6232,68,697,-81,1411047581291),(6233,68,721,-90,1411047581525),(6234,68,713,-85,1411047581618),(6235,68,722,-86,1411047581821),(6236,68,711,-87,1411047581883),(6237,68,678,-64,1411047804479),(6238,68,679,-64,1411047804604),(6239,68,680,-74,1411047804666),(6240,68,681,-74,1411047804776),(6241,68,682,-49,1411047804854),(6242,68,683,-76,1411047804963),(6243,68,684,-78,1411047805041),(6244,68,685,-86,1411047805166),(6245,68,686,-73,1411047805228),(6246,68,688,-73,1411047805322),(6247,68,689,-77,1411047805384),(6248,68,690,-69,1411047805478),(6249,68,696,-91,1411047805540),(6250,68,698,-76,1411047805649),(6251,68,714,-89,1411047805727),(6252,68,699,-85,1411047805821),(6253,68,723,-91,1411047806086),(6254,68,687,-76,1411047806226),(6255,68,710,-84,1411047806304),(6256,68,709,-85,1411047806414),(6257,68,711,-89,1411047806507),(6258,68,724,-86,1411047806648),(6259,68,694,-85,1411047806726),(6260,68,695,-70,1411047806804),(6261,68,722,-85,1411047806882),(6262,68,691,-79,1411047807053),(6263,68,707,-85,1411047807147),(6264,68,725,-85,1411047807287),(6265,68,726,-90,1411047807428),(6266,68,727,-92,1411047807584),(6267,68,713,-84,1411047807662),(6268,68,697,-77,1411047807740),(6269,68,716,-81,1411047807849),(6270,68,701,-77,1411047808020),(6271,68,728,-89,1411047808208),(6272,68,729,-92,1411047808364),(6273,68,693,-50,1411047808442),(6274,68,700,-77,1411047808535),(6275,68,718,-87,1411047808613),(6276,68,703,-77,1411047808722),(6277,68,704,-79,1411047808832),(6278,68,678,-66,1411047810314),(6279,68,679,-66,1411047810423),(6280,68,680,-74,1411047810501),(6281,68,681,-74,1411047810594),(6282,68,682,-50,1411047810672),(6283,68,683,-76,1411047810766),(6284,68,684,-77,1411047810844),(6285,68,685,-86,1411047810953),(6286,68,686,-73,1411047811031),(6287,68,688,-83,1411047811140),(6288,68,689,-77,1411047811218),(6289,68,690,-72,1411047811343),(6290,68,698,-81,1411047811421),(6291,68,714,-85,1411047811499),(6292,68,699,-85,1411047811624),(6293,68,723,-91,1411047811718),(6294,68,711,-90,1411047811796),(6295,68,694,-87,1411047811905),(6296,68,695,-70,1411047811998),(6297,68,722,-85,1411047812139),(6298,68,691,-79,1411047812232),(6299,68,707,-85,1411047812357),(6300,68,713,-84,1411047812451),(6301,68,697,-77,1411047812560),(6302,68,716,-81,1411047812638),(6303,68,701,-74,1411047812716),(6304,68,728,-89,1411047812778),(6305,68,729,-92,1411047812903),(6306,68,693,-49,1411047812981),(6307,68,700,-77,1411047813075),(6308,68,718,-86,1411047813215),(6309,68,703,-74,1411047813356),(6310,68,704,-78,1411047813480),(6311,68,702,-78,1411047813558),(6312,68,705,-87,1411047813652),(6313,68,712,-89,1411047813746),(6314,68,730,-91,1411047813886),(6315,68,731,-87,1411047814058),(6316,68,715,-91,1411047814276),(6317,68,708,-75,1411047814385),(6318,69,678,-68,1411047848322),(6319,69,679,-68,1411047848400),(6320,69,680,-78,1411047848478),(6321,69,681,-77,1411047848603),(6322,69,682,-50,1411047848697),(6323,69,683,-78,1411047848790),(6324,69,684,-81,1411047848884),(6325,69,685,-75,1411047848993),(6326,69,686,-78,1411047849289),(6327,69,688,-90,1411047849492),(6328,69,690,-70,1411047849633),(6329,69,698,-75,1411047849757),(6330,69,714,-80,1411047849835),(6331,69,699,-82,1411047849960),(6332,69,694,-83,1411047850038),(6333,69,695,-69,1411047850225),(6334,69,722,-88,1411047850397),(6335,69,691,-75,1411047850475),(6336,69,707,-85,1411047850553),(6337,69,713,-80,1411047850647),(6338,69,697,-80,1411047850725),(6339,69,701,-82,1411047850865),(6340,69,693,-50,1411047850990),(6341,69,700,-80,1411047851068),(6342,69,718,-89,1411047851146),(6343,69,703,-82,1411047851271),(6344,69,704,-85,1411047851333),(6345,69,702,-83,1411047851411),(6346,69,708,-76,1411047851505),(6347,69,696,-86,1411047851583),(6348,69,732,-91,1411047851770),(6349,69,692,-74,1411047851848),(6350,69,689,-75,1411047852004),(6351,69,733,-91,1411047852207),(6352,69,710,-86,1411047852285),(6353,69,725,-93,1411047852363),(6354,69,687,-76,1411047852441),(6355,69,724,-77,1411047852534),(6356,69,729,-91,1411047852628),(6357,69,723,-91,1411047852722),(6358,69,678,-63,1411047856434),(6359,69,679,-68,1411047856544),(6360,69,680,-78,1411047856684),(6361,69,681,-75,1411047856762),(6362,69,682,-50,1411047856856),(6363,69,683,-78,1411047856934),(6364,69,684,-81,1411047857012),(6365,69,685,-75,1411047857090),(6366,69,686,-75,1411047857277),(6367,69,688,-81,1411047857339),(6368,69,690,-70,1411047857433),(6369,69,698,-75,1411047857526),(6370,69,714,-80,1411047857667),(6371,69,699,-82,1411047857729),(6372,69,695,-69,1411047857823),(6373,69,722,-88,1411047857901),(6374,69,691,-75,1411047857994),(6375,69,707,-85,1411047858072),(6376,69,713,-80,1411047858369),(6377,69,697,-79,1411047858431),(6378,69,701,-79,1411047858525),(6379,69,693,-50,1411047858603),(6380,69,700,-80,1411047858728),(6381,69,718,-89,1411047858806),(6382,69,703,-82,1411047858899),(6383,69,704,-85,1411047858977),(6384,69,702,-83,1411047859055),(6385,69,708,-76,1411047859274),(6386,69,732,-91,1411047859476),(6387,69,692,-71,1411047859617),(6388,69,689,-74,1411047859726),(6389,69,710,-86,1411047859835),(6390,69,725,-93,1411047859960),(6391,69,687,-74,1411047860038),(6392,69,724,-77,1411047860163),(6393,69,729,-91,1411047860366),(6394,69,723,-91,1411047860475),(6395,69,711,-83,1411047860537),(6396,69,678,-62,1411047861270),(6397,69,679,-62,1411047861426),(6398,69,680,-74,1411047861520),(6399,69,681,-74,1411047861598),(6400,69,682,-49,1411047861692),(6401,69,683,-76,1411047861770),(6402,69,684,-75,1411047861848),(6403,69,685,-79,1411047861957),(6404,69,686,-80,1411047862019),(6405,69,688,-79,1411047862097),(6406,69,690,-72,1411047862191),(6407,69,698,-77,1411047862331),(6408,69,714,-83,1411047862440),(6409,69,699,-77,1411047862518),(6410,69,695,-70,1411047862612),(6411,69,722,-82,1411047862690),(6412,69,691,-74,1411047862768),(6413,69,707,-80,1411047862893),(6414,69,697,-76,1411047863018),(6415,69,701,-78,1411047863111),(6416,69,693,-47,1411047863174),(6417,69,700,-76,1411047863361),(6418,69,703,-76,1411047863454),(6419,69,704,-84,1411047863548),(6420,69,702,-84,1411047863626),(6421,69,708,-73,1411047863720),(6422,69,692,-78,1411047863813),(6423,69,689,-74,1411047863907),(6424,69,687,-74,1411047863985),(6425,69,724,-77,1411047864063),(6426,69,723,-89,1411047864141),(6427,69,711,-77,1411047864234),(6428,69,696,-83,1411047864375),(6429,69,709,-88,1411047864546),(6430,70,678,-53,1411047893384),(6431,70,679,-62,1411047893493),(6432,70,680,-75,1411047893571),(6433,70,681,-70,1411047893634),(6434,70,682,-58,1411047893727),(6435,70,683,-69,1411047893805),(6436,70,684,-69,1411047893899),(6437,70,685,-83,1411047894055),(6438,70,688,-72,1411047894133),(6439,70,690,-77,1411047894211),(6440,70,698,-63,1411047894289),(6441,70,699,-66,1411047894414),(6442,70,695,-77,1411047894507),(6443,70,722,-77,1411047894585),(6444,70,691,-68,1411047894679),(6445,70,707,-87,1411047894741),(6446,70,697,-70,1411047894835),(6447,70,701,-82,1411047894960),(6448,70,693,-57,1411047895163),(6449,70,700,-71,1411047895272),(6450,70,703,-85,1411047895365),(6451,70,692,-63,1411047895537),(6452,70,687,-81,1411047895615),(6453,70,724,-85,1411047895709),(6454,70,723,-84,1411047895787),(6455,70,709,-88,1411047895911),(6456,70,713,-70,1411047896161),(6457,70,728,-87,1411047896255),(6458,70,715,-91,1411047896333),(6459,70,725,-91,1411047896442),(6460,70,718,-84,1411047896567),(6461,70,731,-81,1411047896645),(6462,70,694,-81,1411047896707),(6463,70,710,-90,1411047896801),(6464,70,730,-92,1411047896894),(6465,70,678,-51,1411047899952),(6466,70,679,-51,1411047900170),(6467,70,680,-71,1411047900311),(6468,70,681,-71,1411047900545),(6469,70,682,-57,1411047900607),(6470,70,683,-68,1411047900701),(6471,70,684,-66,1411047900779),(6472,70,685,-83,1411047900872),(6473,70,688,-71,1411047900981),(6474,70,690,-76,1411047901215),(6475,70,698,-62,1411047901496),(6476,70,699,-70,1411047901683),(6477,70,695,-77,1411047901761),(6478,70,722,-77,1411047901839),(6479,70,691,-68,1411047901917),(6480,70,707,-85,1411047902011),(6481,70,697,-70,1411047902089),(6482,70,701,-82,1411047902401),(6483,70,693,-56,1411047902541),(6484,70,700,-73,1411047902619),(6485,70,703,-85,1411047902697),(6486,70,692,-63,1411047902822),(6487,70,687,-81,1411047902900),(6488,70,724,-85,1411047902978),(6489,70,723,-84,1411047903056),(6490,70,709,-88,1411047903150),(6491,70,713,-69,1411047903228),(6492,70,728,-87,1411047903353),(6493,70,715,-91,1411047903509),(6494,70,725,-91,1411047903602),(6495,70,718,-83,1411047903696),(6496,70,731,-81,1411047903821),(6497,70,694,-83,1411047903883),(6498,70,710,-90,1411047903977),(6499,70,730,-91,1411047904039),(6500,70,708,-72,1411047904133),(6501,70,696,-86,1411047904211),(6502,70,678,-50,1411047904585),(6503,70,679,-51,1411047904710),(6504,70,680,-71,1411047904772),(6505,70,681,-71,1411047904897),(6506,70,682,-54,1411047904975),(6507,70,683,-67,1411047905069),(6508,70,684,-70,1411047905193),(6509,70,685,-83,1411047905271),(6510,70,688,-71,1411047905396),(6511,70,690,-72,1411047905677),(6512,70,698,-62,1411047905833),(6513,70,699,-70,1411047906020),(6514,70,695,-72,1411047906129),(6515,70,722,-77,1411047906223),(6516,70,691,-68,1411047906285),(6517,70,707,-79,1411047906363),(6518,70,697,-70,1411047906473),(6519,70,701,-82,1411047906629),(6520,70,693,-54,1411047906707),(6521,70,700,-73,1411047906800),(6522,70,692,-63,1411047906878),(6523,70,687,-80,1411047907019),(6524,70,723,-91,1411047907081),(6525,70,713,-69,1411047907175),(6526,70,718,-83,1411047907253),(6527,70,694,-83,1411047907346),(6528,70,730,-91,1411047907455),(6529,70,708,-72,1411047907580),(6530,70,696,-79,1411047907658),(6531,70,734,-93,1411047907799),(6532,71,678,-63,1411047944958),(6533,71,679,-51,1411047945036),(6534,71,682,-67,1411047945099),(6535,71,683,-59,1411047945192),(6536,71,684,-59,1411047945270),(6537,71,688,-73,1411047945426),(6538,71,690,-70,1411047945504),(6539,71,698,-83,1411047945613),(6540,71,699,-66,1411047945847),(6541,71,695,-70,1411047946035),(6542,71,722,-75,1411047946191),(6543,71,707,-84,1411047946284),(6544,71,697,-77,1411047946425),(6545,71,693,-67,1411047946565),(6546,71,700,-75,1411047946643),(6547,71,692,-72,1411047946721),(6548,71,723,-80,1411047946815),(6549,71,713,-66,1411047946924),(6550,71,696,-86,1411047947049),(6551,71,714,-74,1411047947142),(6552,71,710,-93,1411047947220),(6553,71,686,-83,1411047947314),(6554,71,680,-77,1411047947470),(6555,71,711,-83,1411047947563),(6556,71,685,-90,1411047947641),(6557,71,725,-93,1411047947735),(6558,71,718,-83,1411047947844),(6559,71,706,-75,1411047947922),(6560,71,724,-84,1411047948016),(6561,71,728,-89,1411047948094),(6562,71,729,-90,1411047948172),(6563,71,735,-87,1411047948359),(6564,71,736,-91,1411047948593),(6565,71,691,-69,1411047948702),(6566,71,737,-83,1411047948874),(6567,71,712,-85,1411047948952),(6568,71,694,-88,1411047949045),(6569,71,738,-91,1411047949186),(6570,71,678,-63,1411047949607),(6571,71,679,-61,1411047949701),(6572,71,682,-67,1411047949779),(6573,71,683,-57,1411047949857),(6574,71,684,-58,1411047949966),(6575,71,688,-67,1411047950044),(6576,71,690,-69,1411047950106),(6577,71,698,-77,1411047950200),(6578,71,699,-62,1411047950278),(6579,71,695,-70,1411047950371),(6580,71,722,-75,1411047950574),(6581,71,697,-78,1411047950652),(6582,71,693,-67,1411047950730),(6583,71,700,-75,1411047950824),(6584,71,692,-77,1411047950933),(6585,71,723,-81,1411047951027),(6586,71,713,-68,1411047951120),(6587,71,696,-86,1411047951214),(6588,71,714,-78,1411047951292),(6589,71,686,-83,1411047951385),(6590,71,711,-83,1411047951573),(6591,71,718,-83,1411047951744),(6592,71,728,-89,1411047951822),(6593,71,729,-90,1411047951916),(6594,71,735,-87,1411047952056),(6595,71,736,-91,1411047952275),(6596,71,691,-71,1411047952353),(6597,71,737,-85,1411047952431),(6598,71,712,-85,1411047952555),(6599,71,694,-88,1411047952665),(6600,71,738,-91,1411047952758),(6601,71,716,-80,1411047952836),(6602,71,708,-72,1411047952930),(6603,71,689,-85,1411047953008),(6604,71,739,-87,1411047953242),(6605,71,740,-91,1411047953413),(6606,71,681,-76,1411047953585),(6607,71,731,-83,1411047953679),(6608,71,678,-58,1411047954412),(6609,71,679,-61,1411047954568),(6610,71,682,-67,1411047954786),(6611,71,683,-64,1411047954880),(6612,71,684,-63,1411047954958),(6613,71,688,-87,1411047955036),(6614,71,690,-71,1411047955114),(6615,71,698,-72,1411047955254),(6616,71,699,-68,1411047955332),(6617,71,695,-71,1411047955410),(6618,71,722,-72,1411047955488),(6619,71,697,-78,1411047955738),(6620,71,693,-67,1411047955941),(6621,71,700,-75,1411047956034),(6622,71,692,-77,1411047956128),(6623,71,723,-86,1411047956221),(6624,71,713,-68,1411047956284),(6625,71,696,-83,1411047956393),(6626,71,714,-69,1411047956471),(6627,71,686,-83,1411047956611),(6628,71,711,-80,1411047956674),(6629,71,718,-83,1411047956799),(6630,71,728,-89,1411047956955),(6631,71,729,-90,1411047957033),(6632,71,735,-87,1411047957111),(6633,71,736,-91,1411047957235),(6634,71,691,-67,1411047957329),(6635,71,737,-85,1411047957407),(6636,71,712,-85,1411047957485),(6637,71,694,-88,1411047957625),(6638,71,738,-91,1411047957735),(6639,71,716,-80,1411047957813),(6640,71,708,-68,1411047957906),(6641,71,689,-85,1411047957984),(6642,71,739,-89,1411047958078),(6643,71,740,-91,1411047958187),(6644,71,681,-75,1411047958265),(6645,71,731,-83,1411047958343),(6646,71,707,-83,1411047958437),(6647,71,685,-84,1411047958515),(6648,71,730,-89,1411047958686),(6649,72,678,-68,1411047995686),(6650,72,679,-67,1411047995780),(6651,72,682,-76,1411047995858),(6652,72,683,-53,1411047995936),(6653,72,684,-53,1411047996045),(6654,72,688,-68,1411047996154),(6655,72,690,-73,1411047996248),(6656,72,698,-80,1411047996341),(6657,72,699,-77,1411047996419),(6658,72,695,-74,1411047996591),(6659,72,722,-71,1411047996684),(6660,72,697,-75,1411047996762),(6661,72,693,-77,1411047996856),(6662,72,700,-70,1411047996918),(6663,72,692,-74,1411047997043),(6664,72,723,-78,1411047997106),(6665,72,713,-77,1411047997199),(6666,72,714,-70,1411047997262),(6667,72,686,-84,1411047997355),(6668,72,711,-82,1411047997449),(6669,72,691,-82,1411047997542),(6670,72,716,-84,1411047997636),(6671,72,708,-74,1411047997714),(6672,72,681,-76,1411047997808),(6673,72,685,-85,1411047997932),(6674,72,730,-84,1411047998026),(6675,72,687,-84,1411047998104),(6676,72,703,-85,1411047998198),(6677,72,680,-76,1411047998276),(6678,72,705,-76,1411047998369),(6679,72,736,-92,1411047998463),(6680,72,706,-77,1411047998603),(6681,72,689,-84,1411047998681),(6682,72,739,-86,1411047998775),(6683,72,741,-86,1411047998931),(6684,72,719,-82,1411047999024),(6685,72,712,-82,1411047999134),(6686,72,729,-91,1411047999227),(6687,72,742,-93,1411047999368),(6688,72,707,-88,1411047999446),(6689,72,743,-91,1411047999633),(6690,72,678,-68,1411047999960),(6691,72,679,-71,1411048000070),(6692,72,682,-77,1411048000148),(6693,72,683,-56,1411048000226),(6694,72,684,-57,1411048000288),(6695,72,688,-75,1411048000382),(6696,72,690,-73,1411048000460),(6697,72,698,-79,1411048000538),(6698,72,699,-79,1411048000694),(6699,72,695,-74,1411048000896),(6700,72,722,-85,1411048001177),(6701,72,697,-81,1411048001318),(6702,72,693,-77,1411048001442),(6703,72,700,-80,1411048001505),(6704,72,692,-77,1411048001723),(6705,72,723,-72,1411048001801),(6706,72,713,-79,1411048001864),(6707,72,714,-85,1411048001942),(6708,72,686,-83,1411048002035),(6709,72,711,-82,1411048002113),(6710,72,691,-82,1411048002222),(6711,72,716,-84,1411048002300),(6712,72,708,-74,1411048002378),(6713,72,681,-76,1411048002456),(6714,72,685,-81,1411048002534),(6715,72,730,-84,1411048002706),(6716,72,687,-84,1411048002784),(6717,72,703,-85,1411048002878),(6718,72,680,-74,1411048003096),(6719,72,705,-76,1411048003221),(6720,72,736,-92,1411048003299),(6721,72,706,-74,1411048003377),(6722,72,689,-85,1411048003455),(6723,72,739,-85,1411048003533),(6724,72,741,-86,1411048003736),(6725,72,719,-82,1411048003845),(6726,72,712,-82,1411048003938),(6727,72,729,-91,1411048004016),(6728,72,742,-93,1411048004079),(6729,72,707,-88,1411048004266),(6730,72,743,-91,1411048004344),(6731,72,678,-68,1411048005202),(6732,72,679,-73,1411048005358),(6733,72,682,-77,1411048005483),(6734,72,683,-54,1411048005545),(6735,72,684,-57,1411048005623),(6736,72,688,-67,1411048005779),(6737,72,698,-79,1411048005904),(6738,72,699,-76,1411048005982),(6739,72,722,-76,1411048006076),(6740,72,697,-76,1411048006154),(6741,72,693,-74,1411048006232),(6742,72,700,-76,1411048006310),(6743,72,692,-77,1411048006419),(6744,72,723,-70,1411048006497),(6745,72,713,-74,1411048006575),(6746,72,714,-76,1411048006637),(6747,72,686,-85,1411048006762),(6748,72,681,-78,1411048006871),(6749,72,685,-81,1411048006949),(6750,72,730,-84,1411048007043),(6751,72,680,-79,1411048007136),(6752,72,705,-74,1411048007214),(6753,72,706,-74,1411048007324),(6754,72,689,-85,1411048007386),(6755,72,739,-81,1411048007480),(6756,72,719,-82,1411048007542),(6757,72,712,-82,1411048007636),(6758,72,707,-88,1411048007807),(6759,72,743,-91,1411048007870),(6760,72,737,-87,1411048007948),(6761,72,744,-92,1411048008104),(6762,72,735,-87,1411048008260),(6763,72,725,-90,1411048008338),(6764,72,715,-85,1411048008416),(6765,72,695,-70,1411048008509),(6766,72,690,-71,1411048008587),(6767,72,729,-87,1411048008665),(6768,72,738,-93,1411048008759),(6769,73,678,-66,1411048118251),(6770,73,679,-65,1411048118345),(6771,73,682,-62,1411048118423),(6772,73,683,-73,1411048118548),(6773,73,684,-72,1411048118610),(6774,73,693,-63,1411048118704),(6775,73,700,-78,1411048118860),(6776,73,692,-81,1411048118938),(6777,73,686,-80,1411048119031),(6778,73,681,-80,1411048119125),(6779,73,685,-84,1411048119203),(6780,73,680,-77,1411048119296),(6781,73,705,-87,1411048119359),(6782,73,695,-70,1411048119468),(6783,73,690,-73,1411048119546),(6784,73,691,-77,1411048119624),(6785,73,702,-72,1411048119749),(6786,73,708,-79,1411048119842),(6787,73,703,-73,1411048119983),(6788,73,701,-74,1411048120061),(6789,73,704,-72,1411048120154),(6790,73,698,-84,1411048120232),(6791,73,689,-90,1411048120326),(6792,73,687,-89,1411048120435),(6793,73,710,-86,1411048120513),(6794,73,707,-86,1411048120591),(6795,73,731,-89,1411048120669),(6796,73,688,-81,1411048120747),(6797,73,694,-87,1411048120825),(6798,73,721,-89,1411048121012),(6799,73,699,-85,1411048121090),(6800,73,735,-93,1411048121184),(6801,73,713,-84,1411048121262),(6802,73,733,-89,1411048121340),(6803,73,714,-88,1411048121434),(6804,73,697,-79,1411048121512),(6805,73,709,-89,1411048121605),(6806,73,711,-91,1411048121699),(6807,73,717,-84,1411048121777),(6808,73,696,-89,1411048121839),(6809,73,678,-73,1411048124803),(6810,73,679,-65,1411048124959),(6811,73,682,-64,1411048125037),(6812,73,683,-73,1411048125115),(6813,73,684,-73,1411048125240),(6814,73,693,-64,1411048125443),(6815,73,700,-77,1411048125521),(6816,73,681,-80,1411048125599),(6817,73,685,-84,1411048125677),(6818,73,680,-83,1411048125770),(6819,73,695,-70,1411048125864),(6820,73,690,-71,1411048125973),(6821,73,691,-77,1411048126051),(6822,73,702,-74,1411048126145),(6823,73,708,-75,1411048126301),(6824,73,703,-73,1411048126394),(6825,73,701,-74,1411048126472),(6826,73,704,-74,1411048126550),(6827,73,698,-82,1411048126613),(6828,73,689,-90,1411048126706),(6829,73,687,-87,1411048126784),(6830,73,707,-87,1411048126894),(6831,73,694,-91,1411048126972),(6832,73,714,-88,1411048127065),(6833,73,697,-79,1411048127143),(6834,73,709,-89,1411048127330),(6835,73,711,-91,1411048127393),(6836,73,717,-84,1411048127486),(6837,73,696,-89,1411048127564),(6838,73,745,-91,1411048127736),(6839,73,678,-71,1411048128001),(6840,73,679,-73,1411048128064),(6841,73,682,-63,1411048128173),(6842,73,683,-74,1411048128344),(6843,73,684,-73,1411048128469),(6844,73,693,-64,1411048128532),(6845,73,700,-77,1411048128656),(6846,73,681,-80,1411048128750),(6847,73,685,-88,1411048128828),(6848,73,680,-80,1411048128937),(6849,73,695,-70,1411048129000),(6850,73,690,-70,1411048129078),(6851,73,691,-78,1411048129140),(6852,73,702,-78,1411048129265),(6853,73,708,-75,1411048129374),(6854,73,703,-71,1411048129452),(6855,73,701,-71,1411048129530),(6856,73,704,-78,1411048129624),(6857,73,698,-79,1411048129717),(6858,73,689,-87,1411048129858),(6859,73,687,-87,1411048129920),(6860,73,707,-87,1411048130014),(6861,73,694,-88,1411048130092),(6862,73,714,-88,1411048130154),(6863,73,697,-80,1411048130435),(6864,73,709,-89,1411048130513),(6865,73,711,-91,1411048130606),(6866,73,717,-84,1411048130684),(6867,73,696,-85,1411048130794),(6868,73,745,-91,1411048130903),(6869,73,692,-80,1411048130981),(6870,73,699,-85,1411048131059),(6871,73,730,-91,1411048131137),(6872,74,678,-57,1411048179358),(6873,74,679,-73,1411048179436),(6874,74,682,-54,1411048179514),(6875,74,683,-70,1411048179608),(6876,74,684,-72,1411048179686),(6877,74,693,-54,1411048179795),(6878,74,700,-80,1411048179873),(6879,74,681,-67,1411048179967),(6880,74,685,-73,1411048180045),(6881,74,680,-68,1411048180123),(6882,74,695,-71,1411048180263),(6883,74,690,-71,1411048180341),(6884,74,691,-69,1411048180435),(6885,74,702,-66,1411048180513),(6886,74,708,-69,1411048180591),(6887,74,703,-70,1411048180684),(6888,74,701,-83,1411048180778),(6889,74,704,-89,1411048180871),(6890,74,698,-68,1411048180965),(6891,74,689,-87,1411048181043),(6892,74,687,-78,1411048181137),(6893,74,707,-81,1411048181293),(6894,74,694,-89,1411048181371),(6895,74,697,-85,1411048181464),(6896,74,709,-90,1411048181542),(6897,74,696,-81,1411048181651),(6898,74,692,-72,1411048181729),(6899,74,699,-78,1411048181807),(6900,74,713,-76,1411048181995),(6901,74,722,-87,1411048182119),(6902,74,688,-73,1411048182291),(6903,74,718,-89,1411048182369),(6904,74,686,-74,1411048182431),(6905,74,706,-87,1411048182525),(6906,74,711,-85,1411048182587),(6907,74,705,-82,1411048182712),(6908,74,737,-90,1411048182790),(6909,74,723,-90,1411048182853),(6910,74,729,-89,1411048182962),(6911,74,678,-59,1411048183383),(6912,74,679,-73,1411048183461),(6913,74,682,-58,1411048183555),(6914,74,683,-70,1411048183679),(6915,74,684,-72,1411048183742),(6916,74,693,-58,1411048183820),(6917,74,700,-80,1411048183898),(6918,74,681,-75,1411048183976),(6919,74,685,-73,1411048184054),(6920,74,680,-68,1411048184366),(6921,74,695,-74,1411048184537),(6922,74,690,-74,1411048184615),(6923,74,691,-69,1411048184693),(6924,74,702,-66,1411048184865),(6925,74,708,-69,1411048184927),(6926,74,703,-70,1411048185005),(6927,74,701,-83,1411048185068),(6928,74,704,-89,1411048185193),(6929,74,698,-74,1411048185364),(6930,74,689,-87,1411048185458),(6931,74,687,-78,1411048185536),(6932,74,707,-81,1411048185614),(6933,74,694,-89,1411048185723),(6934,74,697,-85,1411048185801),(6935,74,709,-90,1411048185879),(6936,74,696,-81,1411048185973),(6937,74,692,-74,1411048186051),(6938,74,699,-74,1411048186144),(6939,74,713,-73,1411048186222),(6940,74,722,-87,1411048186300),(6941,74,688,-73,1411048186441),(6942,74,718,-89,1411048186534),(6943,74,686,-77,1411048186628),(6944,74,706,-87,1411048186721),(6945,74,711,-85,1411048186799),(6946,74,705,-82,1411048186877),(6947,74,737,-90,1411048186940),(6948,74,723,-90,1411048187049),(6949,74,729,-89,1411048187111),(6950,74,714,-80,1411048187205),(6951,74,728,-84,1411048187283),(6952,74,678,-49,1411048187704),(6953,74,679,-73,1411048187876),(6954,74,682,-54,1411048187938),(6955,74,683,-70,1411048188032),(6956,74,684,-72,1411048188125),(6957,74,693,-53,1411048188203),(6958,74,700,-80,1411048188266),(6959,74,681,-74,1411048188437),(6960,74,685,-73,1411048188531),(6961,74,680,-76,1411048188609),(6962,74,695,-69,1411048188703),(6963,74,690,-69,1411048188765),(6964,74,691,-69,1411048188859),(6965,74,708,-69,1411048188937),(6966,74,703,-82,1411048189046),(6967,74,701,-83,1411048189108),(6968,74,704,-89,1411048189202),(6969,74,698,-70,1411048189280),(6970,74,687,-78,1411048189373),(6971,74,707,-81,1411048189545),(6972,74,692,-71,1411048189607),(6973,74,699,-74,1411048189701),(6974,74,713,-81,1411048189810),(6975,74,688,-73,1411048189888),(6976,74,686,-77,1411048189982),(6977,74,711,-85,1411048190076),(6978,74,723,-87,1411048190138),(6979,74,729,-89,1411048190232),(6980,74,714,-76,1411048190310),(6981,74,728,-87,1411048190388),(6982,75,678,-62,1411048243415),(6983,75,679,-73,1411048243603),(6984,75,682,-67,1411048243681),(6985,75,683,-59,1411048243759),(6986,75,684,-58,1411048243837),(6987,75,693,-69,1411048243930),(6988,75,700,-75,1411048244039),(6989,75,681,-68,1411048244195),(6990,75,685,-82,1411048244273),(6991,75,680,-68,1411048244367),(6992,75,695,-72,1411048244445),(6993,75,690,-74,1411048244617),(6994,75,691,-73,1411048244695),(6995,75,708,-80,1411048244773),(6996,75,703,-80,1411048244866),(6997,75,701,-80,1411048244929),(6998,75,698,-74,1411048245038),(6999,75,687,-78,1411048245116),(7000,75,707,-81,1411048245194),(7001,75,692,-76,1411048245272),(7002,75,699,-76,1411048245350),(7003,75,713,-74,1411048245428),(7004,75,688,-60,1411048245677),(7005,75,686,-82,1411048245833),(7006,75,723,-76,1411048245943),(7007,75,714,-76,1411048246067),(7008,75,728,-86,1411048246192),(7009,75,722,-75,1411048246255),(7010,75,696,-84,1411048246333),(7011,75,689,-80,1411048246426),(7012,75,735,-91,1411048246504),(7013,75,697,-75,1411048246660),(7014,75,739,-89,1411048246738),(7015,75,730,-92,1411048246816),(7016,75,718,-86,1411048246894),(7017,75,709,-86,1411048246988),(7018,75,712,-86,1411048247097),(7019,75,746,-92,1411048247237),(7020,75,705,-75,1411048247331),(7021,75,706,-75,1411048247393),(7022,75,729,-91,1411048247471),(7023,75,678,-62,1411048247908),(7024,75,679,-73,1411048247971),(7025,75,682,-72,1411048248049),(7026,75,683,-70,1411048248314),(7027,75,684,-58,1411048248407),(7028,75,693,-70,1411048248485),(7029,75,700,-75,1411048248673),(7030,75,685,-82,1411048248782),(7031,75,695,-65,1411048248891),(7032,75,690,-66,1411048248969),(7033,75,691,-73,1411048249047),(7034,75,708,-80,1411048249125),(7035,75,698,-74,1411048249234),(7036,75,692,-76,1411048249328),(7037,75,699,-71,1411048249406),(7038,75,713,-74,1411048249499),(7039,75,688,-68,1411048249671),(7040,75,686,-82,1411048249765),(7041,75,723,-82,1411048249827),(7042,75,714,-76,1411048249905),(7043,75,728,-86,1411048249967),(7044,75,722,-75,1411048250077),(7045,75,689,-80,1411048250155),(7046,75,735,-91,1411048250248),(7047,75,697,-75,1411048250326),(7048,75,718,-86,1411048250420),(7049,75,712,-86,1411048250529),(7050,75,705,-75,1411048250654),(7051,75,706,-75,1411048250732),(7052,75,729,-91,1411048250810),(7053,75,678,-62,1411048251777),(7054,75,679,-73,1411048251886),(7055,75,682,-72,1411048251964),(7056,75,683,-63,1411048252058),(7057,75,684,-58,1411048252136),(7058,75,693,-70,1411048252261),(7059,75,700,-78,1411048252323),(7060,75,685,-82,1411048252401),(7061,75,695,-72,1411048252463),(7062,75,690,-72,1411048252541),(7063,75,691,-73,1411048252619),(7064,75,708,-80,1411048252744),(7065,75,698,-74,1411048252900),(7066,75,692,-76,1411048252994),(7067,75,699,-71,1411048253072),(7068,75,713,-70,1411048253197),(7069,75,688,-65,1411048253259),(7070,75,686,-82,1411048253353),(7071,75,723,-85,1411048253431),(7072,75,714,-76,1411048253524),(7073,75,728,-86,1411048253602),(7074,75,722,-75,1411048253727),(7075,75,689,-80,1411048253899),(7076,75,735,-92,1411048253992),(7077,75,697,-79,1411048254070),(7078,75,718,-88,1411048254211),(7079,75,712,-86,1411048254304),(7080,75,705,-75,1411048254382),(7081,75,706,-75,1411048254491),(7082,75,729,-92,1411048254569),(7083,75,711,-83,1411048254663),(7084,75,703,-88,1411048254725),(7085,67,678,-67,1411048359019),(7086,67,679,-69,1411048359565),(7087,67,682,-70,1411048359706),(7088,67,683,-75,1411048359830),(7089,67,684,-79,1411048359908),(7090,67,693,-69,1411048360080),(7091,67,695,-75,1411048360361),(7092,67,690,-73,1411048360439),(7093,67,691,-88,1411048360595),(7094,67,699,-87,1411048360688),(7095,67,689,-81,1411048360782),(7096,67,697,-84,1411048360844),(7097,67,703,-69,1411048360938),(7098,67,681,-82,1411048361047),(7099,67,680,-82,1411048361141),(7100,67,708,-80,1411048361219),(7101,67,696,-81,1411048361328),(7102,67,707,-80,1411048361406),(7103,67,704,-62,1411048361640),(7104,67,702,-62,1411048361718),(7105,67,701,-66,1411048361812),(7106,67,718,-84,1411048361874),(7107,67,694,-86,1411048361952),(7108,67,687,-81,1411048362061),(7109,67,686,-82,1411048362295),(7110,67,717,-87,1411048362451),(7111,67,728,-89,1411048362514),(7112,67,745,-91,1411048362701),(7113,67,713,-85,1411048362810),(7114,67,747,-87,1411048362950),(7115,67,685,-82,1411048363044),(7116,67,733,-86,1411048363122),(7117,67,721,-87,1411048363216),(7118,67,706,-83,1411048363325),(7119,67,731,-79,1411048363403),(7120,67,700,-83,1411048363481),(7121,67,692,-80,1411048363590),(7122,67,719,-91,1411048363730),(7123,67,729,-93,1411048363824),(7124,67,678,-70,1411048364885),(7125,67,679,-69,1411048365041),(7126,67,682,-66,1411048365197),(7127,67,683,-75,1411048365322),(7128,67,684,-79,1411048365400),(7129,67,693,-66,1411048365493),(7130,67,695,-75,1411048365556),(7131,67,690,-75,1411048365634),(7132,67,691,-88,1411048365758),(7133,67,689,-81,1411048365868),(7134,67,697,-86,1411048365946),(7135,67,703,-74,1411048366039),(7136,67,681,-79,1411048366211),(7137,67,680,-81,1411048366289),(7138,67,696,-84,1411048366367),(7139,67,707,-80,1411048366460),(7140,67,704,-71,1411048366554),(7141,67,702,-71,1411048366679),(7142,67,701,-74,1411048366757),(7143,67,718,-84,1411048366897),(7144,67,694,-86,1411048366975),(7145,67,687,-81,1411048367084),(7146,67,717,-87,1411048367162),(7147,67,713,-85,1411048367272),(7148,67,685,-82,1411048367365),(7149,67,706,-83,1411048367459),(7150,67,731,-79,1411048367599),(7151,67,700,-83,1411048367662),(7152,67,692,-80,1411048367755),(7153,67,719,-91,1411048367927),(7154,67,729,-93,1411048368005),(7155,67,748,-87,1411048368208),(7156,67,722,-88,1411048368286),(7157,67,724,-89,1411048368410),(7158,67,678,-68,1411048368644),(7159,67,679,-69,1411048368738),(7160,67,682,-77,1411048368894),(7161,67,683,-75,1411048369019),(7162,67,684,-79,1411048369097),(7163,67,693,-78,1411048369190),(7164,67,695,-72,1411048369253),(7165,67,690,-74,1411048369346),(7166,67,691,-84,1411048369424),(7167,67,689,-81,1411048369549),(7168,67,697,-86,1411048369627),(7169,67,703,-66,1411048369721),(7170,67,681,-81,1411048369846),(7171,67,680,-79,1411048370048),(7172,67,696,-84,1411048370267),(7173,67,707,-80,1411048370360),(7174,67,704,-65,1411048370438),(7175,67,702,-64,1411048370579),(7176,67,701,-66,1411048370657),(7177,67,718,-84,1411048370750),(7178,67,694,-86,1411048370844),(7179,67,687,-80,1411048370984),(7180,67,717,-87,1411048371109),(7181,67,713,-85,1411048371187),(7182,67,685,-79,1411048371281),(7183,67,706,-83,1411048371359),(7184,67,731,-86,1411048371421),(7185,67,700,-83,1411048371562),(7186,67,692,-81,1411048371624),(7187,67,719,-91,1411048371718),(7188,67,729,-93,1411048371796),(7189,67,748,-87,1411048371998),(7190,67,722,-88,1411048372076),(7191,67,724,-92,1411048372170),(7192,67,705,-85,1411048372248),(7193,67,698,-81,1411048372326),(7194,67,708,-83,1411048372451),(7195,67,714,-88,1411048372544),(7196,67,749,-91,1411048372669),(7197,67,745,-93,1411048372794),(7198,68,678,-63,1411048521979),(7199,68,679,-74,1411048522151),(7200,68,682,-53,1411048522276),(7201,68,683,-75,1411048522401),(7202,68,684,-74,1411048522494),(7203,68,693,-53,1411048522572),(7204,68,695,-74,1411048522650),(7205,68,690,-70,1411048522728),(7206,68,703,-70,1411048522806),(7207,68,681,-77,1411048522931),(7208,68,680,-75,1411048523040),(7209,68,707,-85,1411048523134),(7210,68,704,-78,1411048523196),(7211,68,702,-78,1411048523274),(7212,68,685,-85,1411048523461),(7213,68,691,-74,1411048523539),(7214,68,700,-78,1411048523617),(7215,68,697,-78,1411048523711),(7216,68,699,-83,1411048523789),(7217,68,689,-87,1411048523914),(7218,68,713,-84,1411048523976),(7219,68,698,-75,1411048524054),(7220,68,705,-84,1411048524117),(7221,68,724,-84,1411048524210),(7222,68,731,-87,1411048524288),(7223,68,711,-89,1411048524491),(7224,68,686,-85,1411048524569),(7225,68,722,-88,1411048524647),(7226,68,714,-86,1411048524756),(7227,68,750,-92,1411048524897),(7228,68,701,-72,1411048524959),(7229,68,692,-75,1411048525037),(7230,68,721,-89,1411048525115),(7231,68,688,-78,1411048525209),(7232,68,696,-83,1411048525302),(7233,68,737,-88,1411048525489),(7234,68,730,-93,1411048525567),(7235,68,678,-56,1411048526582),(7236,68,679,-55,1411048526660),(7237,68,682,-53,1411048526738),(7238,68,683,-72,1411048526831),(7239,68,684,-72,1411048526940),(7240,68,693,-52,1411048527018),(7241,68,695,-67,1411048527096),(7242,68,690,-67,1411048527190),(7243,68,703,-70,1411048527362),(7244,68,681,-77,1411048527424),(7245,68,680,-75,1411048527564),(7246,68,707,-79,1411048527658),(7247,68,704,-81,1411048527736),(7248,68,702,-82,1411048527830),(7249,68,685,-85,1411048527923),(7250,68,691,-81,1411048528001),(7251,68,700,-75,1411048528079),(7252,68,697,-76,1411048528220),(7253,68,699,-83,1411048528313),(7254,68,713,-80,1411048528391),(7255,68,698,-75,1411048528485),(7256,68,724,-86,1411048528625),(7257,68,686,-85,1411048528766),(7258,68,722,-87,1411048528844),(7259,68,701,-74,1411048528922),(7260,68,692,-75,1411048529000),(7261,68,721,-89,1411048529093),(7262,68,688,-90,1411048529202),(7263,68,696,-79,1411048529296),(7264,68,737,-88,1411048529374),(7265,68,730,-93,1411048529468),(7266,68,723,-91,1411048529686),(7267,68,708,-80,1411048529826),(7268,68,717,-85,1411048529889),(7269,68,710,-87,1411048529982),(7270,68,678,-60,1411048530731),(7271,68,679,-60,1411048530856),(7272,68,682,-55,1411048530918),(7273,68,683,-74,1411048530996),(7274,68,684,-74,1411048531059),(7275,68,693,-52,1411048531152),(7276,68,695,-70,1411048531230),(7277,68,690,-70,1411048531449),(7278,68,703,-77,1411048531620),(7279,68,681,-70,1411048531683),(7280,68,680,-72,1411048531839),(7281,68,707,-85,1411048531932),(7282,68,704,-78,1411048532010),(7283,68,702,-82,1411048532104),(7284,68,685,-83,1411048532182),(7285,68,691,-79,1411048532276),(7286,68,700,-75,1411048532354),(7287,68,697,-78,1411048532447),(7288,68,699,-88,1411048532525),(7289,68,713,-80,1411048532603),(7290,68,698,-75,1411048532712),(7291,68,724,-86,1411048532853),(7292,68,686,-84,1411048532931),(7293,68,722,-87,1411048533024),(7294,68,701,-75,1411048533102),(7295,68,692,-75,1411048533212),(7296,68,721,-89,1411048533305),(7297,68,688,-90,1411048533383),(7298,68,696,-79,1411048533446),(7299,68,737,-88,1411048533524),(7300,68,730,-93,1411048533633),(7301,68,723,-91,1411048533726),(7302,68,708,-80,1411048533851),(7303,68,717,-85,1411048533945),(7304,68,710,-87,1411048534023),(7305,68,714,-87,1411048534132),(7306,68,741,-90,1411048534257),(7307,73,678,-63,1411048613033),(7308,73,679,-61,1411048613142),(7309,73,682,-62,1411048613251),(7310,73,683,-76,1411048613329),(7311,73,684,-74,1411048613439),(7312,73,693,-62,1411048613517),(7313,73,695,-74,1411048613626),(7314,73,690,-74,1411048613797),(7315,73,703,-72,1411048613875),(7316,73,681,-84,1411048613953),(7317,73,680,-86,1411048614047),(7318,73,707,-85,1411048614265),(7319,73,704,-77,1411048614328),(7320,73,702,-75,1411048614468),(7321,73,685,-90,1411048614531),(7322,73,698,-83,1411048614624),(7323,73,701,-74,1411048614733),(7324,73,692,-81,1411048614811),(7325,73,708,-81,1411048614874),(7326,73,710,-87,1411048614967),(7327,73,712,-88,1411048615045),(7328,73,687,-87,1411048615279),(7329,73,745,-89,1411048615357),(7330,73,697,-77,1411048615451),(7331,73,691,-79,1411048615529),(7332,73,711,-91,1411048615607),(7333,73,714,-91,1411048615716),(7334,73,722,-86,1411048615810),(7335,73,713,-89,1411048615888),(7336,73,688,-82,1411048615966),(7337,73,716,-84,1411048616028),(7338,73,705,-85,1411048616122),(7339,73,696,-85,1411048616262),(7340,73,699,-89,1411048616356),(7341,73,724,-91,1411048616434),(7342,73,730,-93,1411048616512),(7343,73,718,-91,1411048616621),(7344,73,700,-75,1411048616715),(7345,73,719,-93,1411048616793),(7346,73,678,-65,1411048618306),(7347,73,679,-61,1411048618446),(7348,73,682,-63,1411048618665),(7349,73,683,-73,1411048618789),(7350,73,684,-72,1411048618930),(7351,73,693,-63,1411048618992),(7352,73,695,-71,1411048619101),(7353,73,690,-71,1411048619179),(7354,73,703,-73,1411048619320),(7355,73,681,-84,1411048619398),(7356,73,680,-82,1411048619507),(7357,73,707,-85,1411048619585),(7358,73,704,-75,1411048619694),(7359,73,702,-75,1411048619757),(7360,73,698,-83,1411048619835),(7361,73,701,-73,1411048619913),(7362,73,692,-81,1411048620006),(7363,73,708,-84,1411048620084),(7364,73,745,-89,1411048620209),(7365,73,697,-76,1411048620287),(7366,73,691,-86,1411048620365),(7367,73,711,-91,1411048620521),(7368,73,714,-91,1411048620646),(7369,73,688,-83,1411048620724),(7370,73,696,-86,1411048620817),(7371,73,718,-91,1411048620880),(7372,73,700,-77,1411048620958),(7373,73,719,-93,1411048621036),(7374,73,731,-85,1411048621161),(7375,73,678,-65,1411048621551),(7376,73,679,-67,1411048621644),(7377,73,682,-61,1411048621738),(7378,73,683,-82,1411048621863),(7379,73,684,-72,1411048621941),(7380,73,693,-61,1411048622019),(7381,73,695,-74,1411048622112),(7382,73,690,-71,1411048622206),(7383,73,703,-68,1411048622268),(7384,73,681,-84,1411048622393),(7385,73,680,-82,1411048622471),(7386,73,707,-86,1411048622565),(7387,73,704,-75,1411048622705),(7388,73,702,-74,1411048622830),(7389,73,698,-81,1411048622908),(7390,73,701,-70,1411048622986),(7391,73,692,-81,1411048623064),(7392,73,708,-84,1411048623157),(7393,73,745,-89,1411048623220),(7394,73,697,-76,1411048623345),(7395,73,691,-84,1411048623423),(7396,73,711,-90,1411048623501),(7397,73,714,-91,1411048623657),(7398,73,688,-83,1411048623781),(7399,73,696,-86,1411048623859),(7400,73,718,-91,1411048623969),(7401,73,700,-77,1411048624047),(7402,73,719,-93,1411048624171),(7403,73,731,-85,1411048624249),(7404,73,699,-85,1411048624327),(7405,73,685,-85,1411048624405),(7406,73,686,-85,1411048624468),(7407,73,713,-85,1411048624593),(7408,73,710,-88,1411048624749);
