# Host: localhost  (Version: 5.6.11)
# Date: 2014-09-20 15:48:47
# Generator: MySQL-Front 5.3  (Build 4.155)

/*!40101 SET NAMES utf8 */;

#
# Structure for table "location"
#

DROP TABLE IF EXISTS `location`;
CREATE TABLE `location` (
  `lid` int(11) NOT NULL AUTO_INCREMENT,
  `label` varchar(255) DEFAULT NULL,
  PRIMARY KEY (`lid`)
) ENGINE=InnoDB AUTO_INCREMENT=122 DEFAULT CHARSET=utf8;

#
# Data for table "location"
#

INSERT INTO `location` VALUES (118,'0,1'),(119,'0,4'),(120,'0,7'),(121,'0,10'),(122,'0,2'),(123,'0,3'),(124,'0,5'),(125,'0,6'),(126,'0,8'),(127,'0,9');

#
# Structure for table "wifi"
#

DROP TABLE IF EXISTS `wifi`;
CREATE TABLE `wifi` (
  `wid` int(11) NOT NULL AUTO_INCREMENT,
  `bssid` varchar(255) DEFAULT '',
  `freq` int(11) DEFAULT NULL,
  PRIMARY KEY (`wid`)
) ENGINE=InnoDB AUTO_INCREMENT=1270 DEFAULT CHARSET=utf8;

#
# Data for table "wifi"
#

INSERT INTO `wifi` VALUES (1205,'44:e4:d9:84:c2:70',2412),(1206,'2c:d0:5a:32:89:f2',2412),(1207,'44:e4:d9:84:c2:77',2412),(1208,'44:e4:d9:84:c2:7b',2412),(1209,'44:e4:d9:84:c2:79',2412),(1210,'44:e4:d9:84:c2:75',2412),(1211,'44:e4:d9:84:c2:74',2412),(1212,'44:e4:d9:85:2b:a5',2462),(1213,'44:e4:d9:85:2b:a0',2462),(1214,'44:e4:d9:3f:fd:d9',2462),(1215,'44:e4:d9:3f:fd:db',2462),(1216,'44:e4:d9:3f:fd:d7',2462),(1217,'44:e4:d9:3f:fd:d5',2462),(1218,'44:e4:d9:3f:fd:d4',2462),(1219,'44:e4:d9:3f:fd:d0',2462),(1220,'e4:d3:32:74:bb:d0',2462),(1221,'ec:88:8f:7e:b3:84',2437),(1222,'02:06:00:01:71:00',2437),(1223,'44:e4:d9:bc:06:d9',2412),(1224,'44:e4:d9:bc:06:d5',2412),(1225,'44:e4:d9:bc:06:d4',2412),(1226,'44:e4:d9:bc:06:d7',2412),(1227,'02:06:00:01:6f:80',2437),(1228,'c8:64:c7:17:29:13',2437),(1229,'c4:ca:d9:0b:f8:e0',2437),(1230,'44:e4:d9:bc:06:db',2412),(1231,'08:57:00:41:71:1e',2437),(1232,'c8:64:c7:17:29:14',2437),(1233,'c8:64:c7:17:29:15',2437),(1234,'02:06:00:01:71:80',2462),(1235,'0c:72:2c:d8:5a:94',2462),(1236,'c8:64:c7:17:29:12',2437),(1237,'78:a1:06:f9:c6:08',2437),(1238,'44:e4:d9:3f:f9:30',2437),(1239,'c2:75:d5:8e:8f:fb',2437),(1240,'44:e4:d9:3f:f9:35',2437),(1241,'44:e4:d9:3f:f9:37',2437),(1242,'44:e4:d9:3f:f9:34',2437),(1243,'44:e4:d9:3f:f9:3b',2437),(1244,'44:e4:d9:bc:06:d0',2412),(1245,'02:06:00:01:6d:00',2462),(1246,'44:e4:d9:3f:f9:39',2437),(1247,'44:e4:d9:3f:91:ab',2412),(1248,'44:e4:d9:3f:91:a5',2412),(1249,'44:e4:d9:3f:91:a4',2412),(1250,'44:e4:d9:3f:91:a9',2412),(1251,'1c:3e:84:ae:67:ff',2412),(1252,'44:e4:d9:aa:8a:55',2412),(1253,'44:e4:d9:aa:8a:50',2412),(1254,'00:27:1d:06:24:ba',2437),(1255,'c4:ca:d9:0c:04:f0',2412),(1256,'d4:ee:07:0f:76:2a',2447),(1257,'00:03:7f:fb:f7:10',2437),(1258,'08:10:76:a5:b0:6c',2437),(1259,'20:dc:e6:61:00:f2',2437),(1260,'44:e4:d9:3f:91:a0',2412),(1261,'44:e4:d9:3f:91:a7',2412),(1262,'6c:e8:73:70:99:16',2437),(1263,'c8:e7:d8:36:c5:a0',2462),(1264,'0c:82:68:ea:3b:fc',2412),(1265,'02:06:00:01:6d:80',2412),(1266,'08:57:00:49:50:26',2437),(1267,'00:27:1d:04:24:ba',2437),(1268,'0c:82:68:a8:21:ba',2437),(1269,'b0:75:d5:8e:8f:fb',2437),(1270,'8c:21:0a:59:bb:b0',2437),(1271,'0c:82:68:d9:c0:4a',2412),(1272,'02:06:00:01:6f:00',2412),(1273,'b2:ee:45:c1:63:61',2412),(1274,'02:06:00:01:6b:80',2462),(1275,'1c:fa:68:94:14:c8',2412),(1276,'00:27:1d:05:24:ba',2437),(1277,'d4:ee:07:0f:82:88',2412),(1278,'ec:17:2f:b3:4b:d4',2437),(1279,'08:57:00:5f:dc:90',2437),(1280,'0c:72:2c:cc:b3:5e',2437),(1281,'c4:ca:d9:0c:08:90',2462),(1282,'d4:ee:07:08:06:18',2447),(1283,'02:06:00:01:77:80',2462),(1284,'ca:f7:33:78:a8:12',2437),(1285,'c4:ca:d9:0b:f8:10',2462),(1286,'ec:88:8f:2f:fc:74',2437),(1287,'0c:72:2c:59:ff:c2',2462),(1288,'ec:17:2f:2e:76:44',2437),(1289,'02:06:00:01:65:80',2462),(1290,'34:bd:f9:43:1f:80',2462),(1291,'26:6d:57:39:dc:ba',2462),(1292,'14:75:90:6d:46:63',2462),(1293,'60:03:08:98:7c:24',2462),(1294,'c4:04:15:03:a0:06',2427),(1295,'d4:ee:07:0c:d2:d6',2437),(1296,'14:cf:92:7a:d1:9a',2437),(1297,'a8:57:4e:47:31:7e',2462);

#
# Structure for table "sample"
#

DROP TABLE IF EXISTS `sample`;
CREATE TABLE `sample` (
  `sid` int(11) NOT NULL AUTO_INCREMENT,
  `lid` int(11) NOT NULL,
  `wid` int(11) NOT NULL,
  `level` int(11) DEFAULT NULL,
  `time` bigint(20) DEFAULT NULL,
  PRIMARY KEY (`sid`),
  KEY `lid` (`lid`),
  KEY `wid` (`wid`),
  CONSTRAINT `sample_ibfk_1` FOREIGN KEY (`lid`) REFERENCES `location` (`lid`),
  CONSTRAINT `sample_ibfk_2` FOREIGN KEY (`wid`) REFERENCES `wifi` (`wid`)
) ENGINE=InnoDB AUTO_INCREMENT=13646 DEFAULT CHARSET=utf8;

#
# Data for table "sample"
#

INSERT INTO `sample` VALUES (13324,118,1205,-51,1411193886106),(13325,118,1206,-56,1411193886293),(13326,118,1207,-57,1411193886465),(13327,118,1208,-58,1411193886621),(13328,118,1209,-58,1411193886824),(13329,118,1210,-58,1411193887026),(13330,118,1211,-58,1411193887214),(13331,118,1212,-70,1411193887370),(13332,118,1213,-72,1411193887541),(13333,118,1214,-75,1411193887697),(13334,118,1215,-75,1411193887838),(13335,118,1216,-75,1411193888040),(13336,118,1217,-75,1411193888181),(13337,118,1218,-75,1411193888399),(13338,118,1219,-77,1411193888555),(13339,118,1220,-83,1411193888758),(13340,118,1221,-84,1411193888914),(13341,118,1222,-85,1411193889070),(13342,118,1223,-85,1411193889366),(13343,118,1224,-86,1411193889538),(13344,118,1225,-86,1411193889710),(13345,118,1226,-86,1411193889912),(13346,118,1227,-86,1411193890053),(13347,118,1228,-87,1411193890209),(13348,118,1229,-87,1411193890490),(13349,118,1230,-87,1411193890770),(13350,118,1231,-87,1411193891067),(13351,118,1232,-87,1411193891597),(13352,118,1233,-87,1411193891753),(13353,118,1234,-88,1411193891940),(13354,118,1235,-88,1411193892081),(13355,118,1236,-88,1411193892237),(13356,118,1237,-89,1411193892408),(13357,118,1238,-90,1411193892564),(13358,118,1239,-91,1411193892954),(13359,118,1240,-91,1411193893126),(13360,118,1241,-91,1411193893329),(13361,118,1242,-91,1411193893532),(13362,118,1243,-92,1411193893719),(13363,118,1205,-51,1411193899476),(13364,118,1206,-55,1411193899570),(13365,118,1208,-56,1411193899664),(13366,118,1209,-56,1411193899757),(13367,118,1210,-56,1411193899851),(13368,118,1211,-57,1411193899929),(13369,118,1207,-57,1411193900054),(13370,118,1213,-66,1411193900132),(13371,118,1212,-68,1411193900241),(13372,118,1214,-73,1411193900319),(13373,118,1219,-73,1411193900412),(13374,118,1216,-73,1411193900506),(13375,118,1215,-73,1411193900631),(13376,118,1217,-73,1411193900771),(13377,118,1218,-74,1411193900865),(13378,118,1221,-80,1411193900943),(13379,118,1227,-82,1411193901052),(13380,118,1224,-84,1411193901161),(13381,118,1244,-84,1411193901333),(13382,118,1225,-85,1411193901426),(13383,118,1223,-85,1411193901489),(13384,118,1245,-85,1411193901676),(13385,118,1230,-85,1411193901770),(13386,118,1226,-85,1411193901848),(13387,118,1236,-88,1411193901926),(13388,118,1240,-89,1411193902004),(13389,118,1246,-89,1411193902175),(13390,118,1241,-89,1411193902253),(13391,118,1247,-89,1411193902409),(13392,118,1235,-89,1411193902503),(13393,118,1248,-89,1411193902690),(13394,118,1222,-89,1411193902768),(13395,118,1249,-89,1411193902924),(13396,118,1250,-89,1411193903111),(13397,118,1242,-90,1411193903205),(13398,118,1243,-90,1411193903267),(13399,118,1251,-90,1411193903470),(13400,118,1252,-91,1411193903720),(13401,118,1253,-91,1411193903907),(13402,118,1238,-91,1411193903985),(13403,118,1254,-91,1411193904141),(13404,119,1211,-47,1411193934421),(13405,119,1208,-47,1411193934515),(13406,119,1207,-47,1411193934593),(13407,119,1210,-48,1411193934718),(13408,119,1209,-49,1411193934811),(13409,119,1205,-51,1411193934889),(13410,119,1206,-54,1411193934967),(13411,119,1212,-68,1411193935061),(13412,119,1213,-68,1411193935170),(13413,119,1216,-73,1411193935264),(13414,119,1214,-73,1411193935342),(13415,119,1219,-73,1411193935435),(13416,119,1218,-74,1411193935498),(13417,119,1215,-74,1411193935638),(13418,119,1217,-74,1411193935732),(13419,119,1227,-82,1411193935825),(13420,119,1255,-82,1411193935997),(13421,119,1228,-83,1411193936091),(13422,119,1221,-84,1411193936184),(13423,119,1233,-85,1411193936278),(13424,119,1222,-86,1411193936371),(13425,119,1236,-86,1411193936449),(13426,119,1230,-87,1411193936543),(13427,119,1223,-87,1411193936699),(13428,119,1248,-88,1411193936808),(13429,119,1226,-88,1411193936886),(13430,119,1251,-88,1411193936980),(13431,119,1225,-89,1411193937089),(13432,119,1256,-89,1411193937245),(13433,119,1245,-90,1411193937339),(13434,119,1229,-90,1411193937432),(13435,119,1243,-90,1411193937526),(13436,119,1240,-91,1411193937666),(13437,119,1257,-91,1411193937822),(13438,119,1241,-91,1411193937916),(13439,119,1242,-91,1411193938025),(13440,119,1258,-91,1411193938197),(13441,119,1238,-92,1411193938290),(13442,119,1259,-92,1411193938446),(13443,119,1235,-93,1411193938571),(13444,119,1207,-47,1411193949757),(13445,119,1208,-49,1411193949913),(13446,119,1209,-49,1411193950178),(13447,119,1210,-49,1411193950288),(13448,119,1211,-49,1411193950537),(13449,119,1205,-51,1411193950631),(13450,119,1206,-53,1411193950724),(13451,119,1215,-75,1411193950818),(13452,119,1217,-75,1411193950896),(13453,119,1218,-75,1411193951068),(13454,119,1216,-75,1411193951130),(13455,119,1219,-75,1411193951255),(13456,119,1212,-76,1411193951333),(13457,119,1213,-77,1411193951473),(13458,119,1214,-77,1411193951567),(13459,119,1227,-81,1411193951676),(13460,119,1255,-82,1411193951754),(13461,119,1222,-83,1411193951816),(13462,119,1225,-83,1411193951910),(13463,119,1221,-84,1411193952097),(13464,119,1248,-84,1411193952206),(13465,119,1249,-84,1411193952316),(13466,119,1223,-84,1411193952409),(13467,119,1260,-84,1411193952581),(13468,119,1244,-85,1411193952659),(13469,119,1224,-85,1411193952846),(13470,119,1220,-85,1411193952924),(13471,119,1230,-85,1411193953096),(13472,119,1261,-85,1411193953252),(13473,119,1247,-85,1411193953345),(13474,119,1235,-86,1411193953423),(13475,119,1229,-88,1411193953501),(13476,119,1236,-88,1411193953595),(13477,119,1262,-89,1411193953766),(13478,119,1233,-89,1411193953860),(13479,119,1232,-89,1411193953954),(13480,119,1239,-90,1411193954110),(13481,119,1240,-90,1411193954234),(13482,119,1263,-90,1411193954390),(13483,119,1243,-91,1411193954468),(13484,120,1210,-51,1411193993787),(13485,120,1209,-52,1411193993881),(13486,120,1211,-53,1411193993975),(13487,120,1207,-53,1411193994068),(13488,120,1208,-54,1411193994162),(13489,120,1206,-56,1411193994271),(13490,120,1205,-58,1411193994349),(13491,120,1212,-72,1411193994443),(13492,120,1213,-73,1411193994536),(13493,120,1264,-74,1411193994801),(13494,120,1216,-75,1411193994879),(13495,120,1214,-76,1411193994989),(13496,120,1218,-78,1411193995067),(13497,120,1224,-79,1411193995160),(13498,120,1217,-80,1411193995269),(13499,120,1227,-80,1411193995503),(13500,120,1219,-80,1411193995566),(13501,120,1215,-80,1411193995800),(13502,120,1249,-81,1411193995940),(13503,120,1250,-81,1411193996034),(13504,120,1265,-81,1411193996190),(13505,120,1260,-82,1411193996268),(13506,120,1235,-82,1411193996377),(13507,120,1248,-82,1411193996502),(13508,120,1247,-82,1411193996595),(13509,120,1230,-84,1411193996689),(13510,120,1234,-84,1411193996939),(13511,120,1266,-84,1411193997188),(13512,120,1261,-84,1411193997266),(13513,120,1225,-85,1411193997375),(13514,120,1255,-85,1411193997453),(13515,120,1231,-86,1411193997563),(13516,120,1226,-87,1411193997656),(13517,120,1243,-89,1411193997719),(13518,120,1242,-89,1411193997921),(13519,120,1240,-89,1411193998015),(13520,120,1222,-89,1411193998140),(13521,120,1241,-89,1411193998233),(13522,120,1236,-90,1411193998327),(13523,120,1238,-90,1411193998405),(13524,120,1205,-54,1411194005192),(13525,120,1211,-54,1411194005270),(13526,120,1208,-54,1411194005364),(13527,120,1209,-54,1411194005457),(13528,120,1210,-54,1411194005598),(13529,120,1207,-54,1411194005676),(13530,120,1206,-66,1411194005785),(13531,120,1212,-70,1411194005863),(13532,120,1213,-71,1411194005972),(13533,120,1218,-78,1411194006066),(13534,120,1214,-78,1411194006206),(13535,120,1219,-78,1411194006362),(13536,120,1216,-78,1411194006440),(13537,120,1215,-78,1411194006518),(13538,120,1217,-78,1411194006612),(13539,120,1227,-78,1411194006705),(13540,120,1264,-78,1411194006814),(13541,120,1224,-83,1411194006908),(13542,120,1250,-84,1411194006986),(13543,120,1247,-84,1411194007127),(13544,120,1260,-84,1411194007314),(13545,120,1249,-84,1411194007407),(13546,120,1235,-84,1411194007470),(13547,120,1229,-84,1411194007563),(13548,120,1245,-84,1411194007673),(13549,120,1261,-85,1411194007766),(13550,120,1226,-85,1411194007860),(13551,120,1225,-85,1411194007953),(13552,120,1244,-85,1411194008031),(13553,120,1223,-86,1411194008156),(13554,120,1254,-86,1411194008250),(13555,120,1221,-86,1411194008468),(13556,120,1251,-87,1411194008562),(13557,120,1267,-87,1411194008905),(13558,120,1268,-87,1411194009170),(13559,120,1243,-88,1411194009373),(13560,120,1266,-88,1411194009732),(13561,120,1242,-89,1411194009810),(13562,120,1240,-90,1411194009903),(13563,120,1256,-90,1411194009981),(13564,121,1208,-56,1411194034384),(13565,121,1211,-57,1411194034524),(13566,121,1210,-57,1411194034602),(13567,121,1207,-57,1411194034696),(13568,121,1209,-58,1411194034977),(13569,121,1206,-60,1411194035148),(13570,121,1205,-64,1411194035304),(13571,121,1212,-68,1411194035398),(13572,121,1213,-68,1411194035476),(13573,121,1216,-76,1411194035554),(13574,121,1217,-76,1411194035663),(13575,121,1215,-76,1411194035757),(13576,121,1218,-77,1411194035944),(13577,121,1214,-77,1411194036037),(13578,121,1219,-77,1411194036131),(13579,121,1225,-81,1411194036303),(13580,121,1230,-81,1411194036396),(13581,121,1249,-82,1411194036474),(13582,121,1244,-82,1411194036615),(13583,121,1247,-82,1411194036739),(13584,121,1248,-82,1411194036958),(13585,121,1260,-82,1411194037083),(13586,121,1224,-82,1411194037176),(13587,121,1261,-83,1411194037254),(13588,121,1250,-83,1411194037379),(13589,121,1226,-83,1411194037457),(13590,121,1221,-86,1411194037551),(13591,121,1241,-86,1411194037644),(13592,121,1246,-86,1411194037738),(13593,121,1242,-87,1411194037847),(13594,121,1243,-87,1411194038019),(13595,121,1238,-88,1411194038097),(13596,121,1266,-88,1411194038190),(13597,121,1240,-88,1411194038284),(13598,121,1239,-89,1411194038424),(13599,121,1233,-90,1411194038502),(13600,121,1236,-91,1411194038580),(13601,121,1232,-91,1411194038674),(13602,121,1269,-91,1411194039001),(13603,121,1222,-92,1411194039111),(13604,121,1254,-92,1411194039204),(13605,121,1208,-56,1411194043729),(13606,121,1211,-57,1411194044010),(13607,121,1209,-57,1411194044182),(13608,121,1210,-57,1411194044322),(13609,121,1207,-57,1411194044400),(13610,121,1205,-58,1411194044478),(13611,121,1206,-60,1411194044572),(13612,121,1212,-68,1411194044681),(13613,121,1213,-69,1411194044774),(13614,121,1214,-76,1411194044852),(13615,121,1219,-76,1411194044946),(13616,121,1217,-76,1411194045024),(13617,121,1218,-76,1411194045118),(13618,121,1215,-77,1411194045305),(13619,121,1216,-77,1411194045398),(13620,121,1225,-81,1411194045492),(13621,121,1226,-81,1411194045586),(13622,121,1244,-81,1411194045710),(13623,121,1230,-81,1411194045820),(13624,121,1261,-82,1411194045913),(13625,121,1223,-82,1411194046007),(13626,121,1249,-83,1411194046085),(13627,121,1248,-83,1411194046350),(13628,121,1260,-83,1411194046412),(13629,121,1250,-83,1411194046506),(13630,121,1247,-83,1411194046584),(13631,121,1221,-85,1411194046678),(13632,121,1243,-85,1411194046912),(13633,121,1240,-85,1411194047005),(13634,121,1242,-86,1411194047130),(13635,121,1241,-86,1411194047317),(13636,121,1238,-86,1411194047426),(13637,121,1246,-86,1411194047520),(13638,121,1266,-88,1411194047598),(13639,121,1245,-88,1411194047692),(13640,121,1228,-89,1411194047754),(13641,121,1235,-90,1411194047848),(13642,121,1239,-90,1411194047972),(13643,121,1222,-91,1411194048066),(13644,121,1253,-91,1411194048160),(13645,121,1269,-92,1411194048300),(13646,118,1211,-54,1411194164053),(13647,118,1208,-54,1411194164224),(13648,118,1209,-54,1411194164333),(13649,118,1210,-54,1411194164443),(13650,118,1207,-54,1411194164536),(13651,118,1205,-55,1411194164614),(13652,118,1206,-65,1411194164708),(13653,118,1215,-71,1411194164817),(13654,118,1217,-71,1411194164911),(13655,118,1218,-71,1411194165067),(13656,118,1214,-71,1411194165223),(13657,118,1213,-71,1411194165332),(13658,118,1216,-71,1411194165394),(13659,118,1212,-71,1411194165488),(13660,118,1219,-71,1411194165597),(13661,118,1220,-82,1411194165675),(13662,118,1236,-83,1411194165800),(13663,118,1233,-83,1411194165893),(13664,118,1232,-83,1411194165956),(13665,118,1221,-84,1411194166049),(13666,118,1228,-84,1411194166143),(13667,118,1222,-84,1411194166361),(13668,118,1227,-85,1411194166439),(13669,118,1265,-85,1411194166533),(13670,118,1230,-86,1411194166611),(13671,118,1245,-87,1411194166705),(13672,118,1225,-88,1411194167048),(13673,118,1255,-88,1411194167173),(13674,118,1231,-88,1411194167344),(13675,118,1270,-89,1411194167500),(13676,118,1229,-89,1411194167594),(13677,118,1249,-89,1411194167687),(13678,118,1261,-90,1411194167781),(13679,118,1248,-90,1411194167875),(13680,118,1247,-91,1411194167968),(13681,118,1237,-92,1411194168187),(13682,118,1243,-93,1411194168374),(13683,118,1271,-93,1411194168717),(13684,118,1240,-93,1411194168951),(13685,118,1205,-52,1411194173710),(13686,118,1211,-52,1411194173944),(13687,118,1208,-52,1411194174022),(13688,118,1209,-52,1411194174318),(13689,118,1210,-52,1411194174428),(13690,118,1207,-52,1411194174521),(13691,118,1217,-70,1411194174849),(13692,118,1218,-70,1411194174942),(13693,118,1214,-70,1411194175114),(13694,118,1213,-70,1411194175192),(13695,118,1212,-70,1411194175598),(13696,118,1219,-70,1411194175785),(13697,118,1215,-71,1411194176097),(13698,118,1216,-71,1411194176159),(13699,118,1206,-81,1411194176456),(13700,118,1221,-83,1411194176580),(13701,118,1224,-83,1411194177142),(13702,118,1244,-84,1411194177454),(13703,118,1220,-84,1411194177548),(13704,118,1228,-85,1411194177938),(13705,118,1232,-85,1411194178000),(13706,118,1225,-85,1411194178218),(13707,118,1230,-85,1411194178328),(13708,118,1223,-85,1411194178421),(13709,118,1226,-85,1411194178499),(13710,118,1222,-86,1411194178577),(13711,118,1236,-86,1411194178718),(13712,118,1264,-86,1411194178858),(13713,118,1233,-86,1411194178920),(13714,118,1227,-86,1411194179014),(13715,118,1249,-88,1411194179092),(13716,118,1234,-89,1411194179186),(13717,118,1255,-90,1411194179279),(13718,118,1250,-90,1411194179373),(13719,118,1235,-90,1411194179451),(13720,118,1247,-91,1411194179544),(13721,118,1242,-91,1411194179607),(13722,118,1246,-93,1411194179810),(13723,118,1240,-93,1411194179903),(13724,118,1243,-94,1411194179997),(13725,118,1211,-52,1411194290357),(13726,118,1208,-52,1411194290482),(13727,118,1209,-52,1411194290607),(13728,118,1210,-52,1411194290716),(13729,118,1207,-52,1411194290794),(13730,118,1205,-54,1411194290888),(13731,118,1213,-69,1411194290966),(13732,118,1212,-69,1411194291059),(13733,118,1218,-69,1411194291153),(13734,118,1214,-74,1411194291278),(13735,118,1215,-74,1411194291340),(13736,118,1216,-74,1411194291434),(13737,118,1217,-74,1411194291512),(13738,118,1219,-74,1411194291715),(13739,118,1227,-78,1411194291793),(13740,118,1225,-79,1411194291871),(13741,118,1226,-79,1411194291964),(13742,118,1224,-79,1411194292058),(13743,118,1230,-80,1411194292183),(13744,118,1244,-80,1411194292276),(13745,118,1223,-80,1411194292370),(13746,118,1233,-81,1411194292463),(13747,118,1245,-81,1411194292526),(13748,118,1228,-82,1411194292775),(13749,118,1220,-84,1411194292869),(13750,118,1232,-84,1411194292963),(13751,118,1237,-85,1411194293041),(13752,118,1221,-85,1411194293119),(13753,118,1236,-85,1411194293212),(13754,118,1229,-86,1411194293368),(13755,118,1255,-86,1411194293431),(13756,118,1272,-86,1411194293665),(13757,118,1273,-87,1411194293836),(13758,118,1242,-88,1411194293930),(13759,118,1241,-88,1411194293992),(13760,118,1247,-89,1411194294086),(13761,118,1246,-89,1411194294179),(13762,118,1248,-89,1411194294273),(13763,118,1240,-89,1411194294335),(13764,118,1249,-89,1411194294429),(13765,118,1243,-91,1411194294491),(13766,118,1205,-58,1411194300764),(13767,118,1207,-58,1411194300951),(13768,118,1208,-59,1411194301169),(13769,118,1209,-59,1411194301341),(13770,118,1210,-59,1411194301419),(13771,118,1211,-59,1411194301544),(13772,118,1213,-73,1411194301637),(13773,118,1212,-73,1411194301731),(13774,118,1219,-73,1411194301793),(13775,118,1214,-77,1411194301918),(13776,118,1217,-79,1411194302074),(13777,118,1216,-79,1411194302168),(13778,118,1218,-79,1411194302246),(13779,118,1215,-79,1411194302339),(13780,118,1227,-80,1411194302402),(13781,118,1245,-80,1411194302511),(13782,118,1233,-82,1411194302589),(13783,118,1236,-82,1411194302667),(13784,118,1265,-83,1411194302838),(13785,118,1237,-84,1411194303088),(13786,118,1244,-84,1411194303182),(13787,118,1225,-85,1411194303244),(13788,118,1230,-85,1411194303338),(13789,118,1228,-85,1411194303431),(13790,118,1226,-85,1411194303587),(13791,118,1223,-85,1411194303681),(13792,118,1270,-86,1411194303790),(13793,118,1224,-86,1411194303977),(13794,118,1221,-87,1411194304055),(13795,118,1274,-88,1411194304242),(13796,118,1249,-89,1411194304352),(13797,118,1248,-89,1411194304414),(13798,118,1246,-89,1411194304492),(13799,118,1247,-89,1411194304570),(13800,118,1261,-89,1411194304664),(13801,118,1273,-90,1411194304757),(13802,118,1240,-90,1411194304851),(13803,118,1243,-91,1411194305116),(13804,118,1239,-91,1411194305210),(13805,118,1241,-91,1411194305303),(13806,118,1242,-91,1411194305381),(13807,118,1205,-53,1411194338506),(13808,118,1208,-55,1411194338678),(13809,118,1210,-55,1411194338771),(13810,118,1211,-56,1411194338849),(13811,118,1207,-56,1411194338927),(13812,118,1209,-59,1411194339036),(13813,118,1213,-72,1411194339114),(13814,118,1212,-73,1411194339192),(13815,118,1215,-74,1411194339270),(13816,118,1217,-74,1411194339333),(13817,118,1218,-74,1411194339458),(13818,118,1219,-74,1411194339582),(13819,118,1216,-75,1411194339723),(13820,118,1214,-75,1411194339848),(13821,118,1232,-80,1411194339941),(13822,118,1228,-80,1411194340035),(13823,118,1236,-81,1411194340128),(13824,118,1233,-81,1411194340206),(13825,118,1265,-82,1411194340284),(13826,118,1221,-84,1411194340362),(13827,118,1230,-85,1411194340550),(13828,118,1244,-86,1411194340721),(13829,118,1227,-86,1411194340830),(13830,118,1225,-86,1411194340908),(13831,118,1224,-86,1411194341018),(13832,118,1226,-86,1411194341096),(13833,118,1223,-86,1411194341189),(13834,118,1240,-88,1411194341267),(13835,118,1238,-88,1411194341345),(13836,118,1222,-88,1411194341423),(13837,118,1255,-89,1411194341626),(13838,118,1246,-89,1411194341798),(13839,118,1261,-90,1411194341891),(13840,118,1237,-90,1411194341969),(13841,118,1275,-90,1411194342156),(13842,118,1241,-90,1411194342266),(13843,118,1247,-91,1411194342344),(13844,118,1276,-91,1411194342515),(13845,118,1243,-91,1411194342702),(13846,118,1242,-91,1411194342890),(13847,118,1248,-93,1411194342983),(13848,122,1208,-48,1411198075076),(13849,122,1211,-49,1411198075232),(13850,122,1210,-49,1411198075310),(13851,122,1209,-49,1411198075481),(13852,122,1205,-49,1411198075559),(13853,122,1207,-49,1411198075669),(13854,122,1213,-66,1411198075778),(13855,122,1212,-68,1411198075903),(13856,122,1219,-71,1411198075996),(13857,122,1214,-72,1411198076074),(13858,122,1218,-72,1411198076183),(13859,122,1217,-72,1411198076261),(13860,122,1216,-72,1411198076371),(13861,122,1215,-72,1411198076620),(13862,122,1230,-82,1411198076714),(13863,122,1224,-82,1411198076979),(13864,122,1244,-83,1411198077104),(13865,122,1220,-83,1411198077307),(13866,122,1226,-83,1411198077463),(13867,122,1225,-84,1411198077556),(13868,122,1277,-84,1411198077697),(13869,122,1236,-85,1411198077837),(13870,122,1249,-86,1411198077915),(13871,122,1247,-86,1411198078009),(13872,122,1248,-87,1411198078087),(13873,122,1235,-87,1411198078180),(13874,122,1221,-87,1411198078289),(13875,122,1233,-88,1411198078399),(13876,122,1278,-88,1411198078601),(13877,122,1279,-89,1411198078804),(13878,122,1240,-90,1411198078882),(13879,122,1246,-90,1411198078960),(13880,122,1238,-90,1411198079038),(13881,122,1280,-90,1411198079335),(13882,122,1242,-90,1411198079600),(13883,122,1241,-90,1411198079709),(13884,122,1281,-91,1411198079865),(13885,122,1243,-92,1411198079974),(13886,122,1267,-93,1411198080052),(13887,122,1252,-94,1411198080146),(13888,122,1209,-50,1411198095154),(13889,122,1205,-51,1411198095388),(13890,122,1208,-51,1411198095482),(13891,122,1210,-52,1411198095560),(13892,122,1207,-52,1411198095700),(13893,122,1211,-53,1411198095778),(13894,122,1212,-68,1411198095934),(13895,122,1214,-70,1411198096059),(13896,122,1216,-70,1411198096184),(13897,122,1213,-71,1411198096262),(13898,122,1219,-72,1411198096402),(13899,122,1215,-72,1411198096496),(13900,122,1218,-72,1411198096574),(13901,122,1217,-72,1411198096745),(13902,122,1236,-79,1411198096855),(13903,122,1220,-80,1411198097026),(13904,122,1227,-81,1411198097104),(13905,122,1265,-81,1411198097229),(13906,122,1235,-81,1411198097307),(13907,122,1224,-82,1411198097416),(13908,122,1244,-82,1411198097494),(13909,122,1225,-82,1411198097603),(13910,122,1226,-83,1411198097681),(13911,122,1228,-84,1411198097806),(13912,122,1230,-84,1411198097884),(13913,122,1232,-85,1411198098087),(13914,122,1255,-86,1411198098181),(13915,122,1221,-86,1411198098305),(13916,122,1238,-87,1411198098383),(13917,122,1256,-87,1411198098477),(13918,122,1270,-88,1411198098555),(13919,122,1278,-88,1411198098649),(13920,122,1241,-89,1411198098758),(13921,122,1248,-89,1411198098883),(13922,122,1249,-89,1411198099070),(13923,122,1260,-89,1411198099163),(13924,122,1274,-90,1411198099241),(13925,122,1252,-90,1411198099382),(13926,122,1282,-90,1411198099663),(13927,122,1247,-91,1411198100006),(13928,123,1205,-49,1411198141721),(13929,123,1210,-49,1411198141893),(13930,123,1208,-50,1411198141986),(13931,123,1207,-50,1411198142096),(13932,123,1211,-51,1411198142174),(13933,123,1209,-51,1411198142267),(13934,123,1212,-68,1411198142376),(13935,123,1213,-69,1411198142486),(13936,123,1218,-70,1411198142564),(13937,123,1217,-71,1411198142657),(13938,123,1219,-71,1411198142844),(13939,123,1215,-71,1411198142969),(13940,123,1216,-71,1411198143032),(13941,123,1214,-71,1411198143125),(13942,123,1221,-80,1411198143203),(13943,123,1248,-83,1411198143312),(13944,123,1270,-84,1411198143422),(13945,123,1232,-84,1411198143515),(13946,123,1228,-84,1411198143609),(13947,123,1224,-84,1411198143702),(13948,123,1223,-84,1411198143780),(13949,123,1236,-85,1411198143968),(13950,123,1226,-86,1411198144061),(13951,123,1233,-86,1411198144155),(13952,123,1244,-86,1411198144264),(13953,123,1225,-86,1411198144358),(13954,123,1261,-87,1411198144451),(13955,123,1230,-87,1411198144560),(13956,123,1220,-87,1411198144654),(13957,123,1260,-87,1411198144794),(13958,123,1249,-87,1411198144950),(13959,123,1247,-88,1411198145044),(13960,123,1235,-88,1411198145122),(13961,123,1227,-89,1411198145216),(13962,123,1237,-89,1411198145356),(13963,123,1283,-91,1411198145512),(13964,123,1229,-91,1411198145590),(13965,123,1243,-91,1411198145684),(13966,123,1240,-92,1411198145777),(13967,123,1238,-93,1411198145980),(13968,123,1205,-49,1411198185870),(13969,123,1211,-50,1411198186026),(13970,123,1210,-50,1411198186120),(13971,123,1209,-50,1411198186198),(13972,123,1208,-50,1411198186323),(13973,123,1207,-50,1411198186401),(13974,123,1212,-67,1411198186479),(13975,123,1214,-70,1411198186557),(13976,123,1216,-70,1411198186697),(13977,123,1213,-70,1411198186837),(13978,123,1219,-70,1411198186947),(13979,123,1218,-71,1411198187040),(13980,123,1217,-71,1411198187165),(13981,123,1215,-71,1411198187290),(13982,123,1221,-79,1411198187383),(13983,123,1270,-82,1411198187477),(13984,123,1228,-84,1411198187539),(13985,123,1236,-84,1411198187805),(13986,123,1232,-85,1411198187914),(13987,123,1233,-86,1411198187976),(13988,123,1220,-86,1411198188101),(13989,123,1223,-86,1411198188179),(13990,123,1244,-87,1411198188273),(13991,123,1249,-88,1411198188351),(13992,123,1284,-88,1411198188553),(13993,123,1235,-88,1411198188647),(13994,123,1227,-88,1411198188834),(13995,123,1230,-88,1411198188928),(13996,123,1240,-89,1411198189037),(13997,123,1246,-89,1411198189131),(13998,123,1260,-89,1411198189209),(13999,123,1242,-89,1411198189302),(14000,123,1247,-90,1411198189396),(14001,123,1243,-90,1411198189505),(14002,123,1237,-90,1411198189630),(14003,123,1250,-90,1411198189723),(14004,123,1248,-90,1411198189895),(14005,123,1238,-91,1411198189989),(14006,123,1285,-93,1411198190160),(14007,123,1259,-93,1411198190238),(14008,124,1210,-57,1411198212485),(14009,124,1207,-57,1411198212547),(14010,124,1205,-58,1411198212641),(14011,124,1209,-60,1411198212719),(14012,124,1208,-60,1411198212813),(14013,124,1211,-60,1411198212891),(14014,124,1217,-68,1411198213015),(14015,124,1214,-70,1411198213078),(14016,124,1213,-70,1411198213171),(14017,124,1219,-71,1411198213249),(14018,124,1218,-71,1411198213483),(14019,124,1215,-71,1411198213608),(14020,124,1212,-72,1411198213717),(14021,124,1216,-73,1411198213795),(14022,124,1221,-79,1411198213889),(14023,124,1247,-79,1411198213983),(14024,124,1248,-79,1411198214123),(14025,124,1261,-79,1411198214201),(14026,124,1249,-80,1411198214295),(14027,124,1260,-80,1411198214373),(14028,124,1250,-80,1411198214466),(14029,124,1225,-84,1411198214622),(14030,124,1224,-85,1411198214731),(14031,124,1236,-86,1411198214903),(14032,124,1267,-87,1411198215043),(14033,124,1282,-87,1411198215121),(14034,124,1227,-87,1411198215231),(14035,124,1276,-87,1411198215309),(14036,124,1233,-87,1411198215402),(14037,124,1286,-87,1411198215636),(14038,124,1239,-88,1411198215730),(14039,124,1266,-88,1411198215823),(14040,124,1287,-89,1411198216026),(14041,124,1237,-89,1411198216120),(14042,124,1288,-90,1411198216276),(14043,124,1254,-90,1411198216354),(14044,124,1229,-91,1411198216588),(14045,124,1279,-92,1411198216666),(14046,124,1289,-93,1411198217118),(14047,124,1210,-48,1411198284419),(14048,124,1205,-49,1411198284528),(14049,124,1208,-49,1411198284621),(14050,124,1209,-50,1411198284715),(14051,124,1211,-50,1411198284793),(14052,124,1207,-50,1411198284918),(14053,124,1213,-67,1411198285011),(14054,124,1212,-68,1411198285199),(14055,124,1216,-73,1411198285308),(14056,124,1219,-74,1411198285386),(14057,124,1214,-74,1411198285479),(14058,124,1218,-74,1411198285557),(14059,124,1217,-74,1411198285635),(14060,124,1215,-74,1411198285729),(14061,124,1221,-78,1411198285916),(14062,124,1264,-78,1411198285994),(14063,124,1230,-80,1411198286119),(14064,124,1250,-80,1411198286197),(14065,124,1224,-81,1411198286275),(14066,124,1225,-81,1411198286369),(14067,124,1275,-81,1411198286431),(14068,124,1249,-82,1411198286525),(14069,124,1248,-82,1411198286603),(14070,124,1247,-83,1411198286696),(14071,124,1261,-84,1411198286805),(14072,124,1260,-84,1411198287024),(14073,124,1241,-85,1411198287117),(14074,124,1220,-85,1411198287195),(14075,124,1246,-86,1411198287289),(14076,124,1240,-86,1411198287367),(14077,124,1242,-87,1411198287445),(14078,124,1243,-88,1411198287539),(14079,124,1282,-88,1411198287632),(14080,124,1235,-88,1411198287710),(14081,124,1267,-89,1411198287804),(14082,124,1254,-90,1411198287882),(14083,124,1229,-91,1411198288053),(14084,124,1281,-91,1411198288147),(14085,124,1245,-93,1411198288225),(14086,125,1205,-51,1411198387631),(14087,125,1211,-51,1411198387756),(14088,125,1210,-51,1411198387896),(14089,125,1209,-51,1411198387990),(14090,125,1208,-51,1411198388068),(14091,125,1207,-51,1411198388162),(14092,125,1213,-67,1411198388364),(14093,125,1212,-68,1411198388505),(14094,125,1215,-73,1411198388786),(14095,125,1214,-73,1411198388895),(14096,125,1218,-73,1411198389082),(14097,125,1217,-73,1411198389176),(14098,125,1219,-74,1411198389254),(14099,125,1216,-74,1411198389347),(14100,125,1264,-75,1411198389441),(14101,125,1221,-78,1411198389675),(14102,125,1250,-79,1411198389768),(14103,125,1248,-80,1411198389893),(14104,125,1261,-80,1411198389971),(14105,125,1260,-80,1411198390065),(14106,125,1247,-80,1411198390174),(14107,125,1227,-81,1411198390268),(14108,125,1249,-82,1411198390346),(14109,125,1226,-82,1411198390439),(14110,125,1244,-82,1411198390517),(14111,125,1223,-83,1411198390704),(14112,125,1225,-83,1411198390829),(14113,125,1236,-86,1411198390907),(14114,125,1228,-86,1411198391032),(14115,125,1267,-87,1411198391141),(14116,125,1276,-87,1411198391235),(14117,125,1284,-87,1411198391328),(14118,125,1233,-87,1411198391438),(14119,125,1232,-87,1411198391531),(14120,125,1270,-88,1411198391750),(14121,125,1242,-88,1411198391843),(14122,125,1243,-89,1411198391937),(14123,125,1238,-90,1411198391999),(14124,125,1240,-90,1411198392093),(14125,125,1229,-91,1411198392171),(14126,125,1279,-93,1411198392264),(14127,125,1210,-50,1411198411609),(14128,125,1211,-51,1411198411750),(14129,125,1209,-51,1411198411843),(14130,125,1208,-51,1411198411921),(14131,125,1207,-51,1411198412046),(14132,125,1205,-53,1411198412187),(14133,125,1213,-68,1411198412280),(14134,125,1212,-68,1411198412358),(14135,125,1218,-70,1411198412499),(14136,125,1217,-71,1411198412577),(14137,125,1216,-71,1411198412670),(14138,125,1215,-71,1411198412764),(14139,125,1214,-71,1411198412857),(14140,125,1219,-72,1411198412935),(14141,125,1264,-73,1411198413076),(14142,125,1221,-75,1411198413247),(14143,125,1227,-81,1411198413341),(14144,125,1224,-81,1411198413419),(14145,125,1261,-82,1411198413559),(14146,125,1276,-83,1411198413653),(14147,125,1250,-83,1411198413762),(14148,125,1267,-83,1411198413856),(14149,125,1254,-83,1411198413949),(14150,125,1260,-85,1411198414043),(14151,125,1249,-85,1411198414215),(14152,125,1247,-85,1411198414355),(14153,125,1270,-86,1411198414433),(14154,125,1248,-86,1411198414527),(14155,125,1234,-87,1411198414651),(14156,125,1284,-88,1411198414745),(14157,125,1232,-88,1411198414823),(14158,125,1240,-89,1411198414917),(14159,125,1242,-89,1411198414995),(14160,125,1241,-89,1411198415088),(14161,125,1290,-90,1411198415369),(14162,125,1246,-90,1411198415447),(14163,125,1243,-91,1411198415556),(14164,125,1286,-91,1411198415665),(14165,125,1291,-92,1411198415837),(14166,125,1245,-93,1411198415931),(14167,126,1211,-53,1411198475525),(14168,126,1210,-53,1411198475618),(14169,126,1205,-54,1411198475712),(14170,126,1209,-54,1411198475806),(14171,126,1208,-54,1411198475899),(14172,126,1207,-54,1411198475977),(14173,126,1213,-68,1411198476055),(14174,126,1212,-68,1411198476149),(14175,126,1215,-76,1411198476242),(14176,126,1219,-76,1411198476336),(14177,126,1214,-76,1411198476523),(14178,126,1216,-76,1411198476757),(14179,126,1218,-76,1411198477007),(14180,126,1217,-76,1411198477100),(14181,126,1244,-81,1411198477178),(14182,126,1225,-81,1411198477256),(14183,126,1230,-81,1411198477350),(14184,126,1224,-81,1411198477459),(14185,126,1223,-81,1411198477600),(14186,126,1226,-81,1411198477693),(14187,126,1270,-83,1411198477802),(14188,126,1221,-84,1411198477927),(14189,126,1238,-86,1411198478021),(14190,126,1241,-86,1411198478099),(14191,126,1247,-86,1411198478192),(14192,126,1250,-86,1411198478270),(14193,126,1249,-86,1411198478364),(14194,126,1242,-87,1411198478473),(14195,126,1246,-87,1411198478614),(14196,126,1243,-87,1411198478707),(14197,126,1240,-87,1411198478785),(14198,126,1261,-88,1411198478910),(14199,126,1234,-89,1411198479004),(14200,126,1233,-90,1411198479066),(14201,126,1228,-90,1411198479160),(14202,126,1267,-90,1411198479238),(14203,126,1292,-91,1411198479565),(14204,126,1274,-91,1411198479690),(14205,126,1229,-91,1411198479862),(14206,126,1293,-91,1411198480064),(14207,126,1232,-92,1411198480220),(14208,126,1211,-51,1411198494527),(14209,126,1210,-51,1411198494698),(14210,126,1208,-51,1411198494948),(14211,126,1207,-51,1411198495353),(14212,126,1209,-52,1411198495572),(14213,126,1205,-54,1411198495837),(14214,126,1213,-72,1411198496009),(14215,126,1212,-72,1411198496087),(14216,126,1214,-77,1411198496227),(14217,126,1216,-78,1411198496305),(14218,126,1217,-79,1411198496399),(14219,126,1215,-79,1411198496477),(14220,126,1218,-79,1411198496570),(14221,126,1219,-79,1411198496648),(14222,126,1223,-80,1411198496773),(14223,126,1225,-81,1411198496882),(14224,126,1244,-81,1411198497069),(14225,126,1224,-82,1411198497147),(14226,126,1230,-82,1411198497288),(14227,126,1270,-83,1411198497366),(14228,126,1221,-84,1411198497444),(14229,126,1227,-84,1411198497522),(14230,126,1261,-85,1411198497615),(14231,126,1231,-86,1411198497709),(14232,126,1236,-87,1411198497849),(14233,126,1248,-87,1411198498037),(14234,126,1228,-88,1411198498146),(14235,126,1254,-88,1411198498224),(14236,126,1233,-88,1411198498333),(14237,126,1241,-89,1411198498411),(14238,126,1246,-89,1411198498505),(14239,126,1240,-89,1411198498583),(14240,126,1294,-89,1411198498754),(14241,126,1242,-89,1411198498832),(14242,126,1276,-90,1411198498988),(14243,126,1238,-90,1411198499066),(14244,126,1243,-90,1411198499160),(14245,126,1266,-90,1411198499269),(14246,126,1292,-90,1411198499363),(14247,126,1274,-90,1411198499441),(14248,127,1210,-57,1411198543761),(14249,127,1208,-57,1411198543870),(14250,127,1209,-58,1411198543964),(14251,127,1211,-58,1411198544042),(14252,127,1207,-58,1411198544120),(14253,127,1205,-59,1411198544198),(14254,127,1213,-64,1411198544292),(14255,127,1212,-64,1411198544401),(14256,127,1264,-74,1411198544494),(14257,127,1214,-80,1411198544588),(14258,127,1217,-81,1411198544682),(14259,127,1215,-81,1411198544791),(14260,127,1218,-81,1411198544916),(14261,127,1219,-81,1411198545009),(14262,127,1216,-82,1411198545087),(14263,127,1249,-86,1411198545196),(14264,127,1248,-87,1411198545290),(14265,127,1247,-87,1411198545430),(14266,127,1250,-87,1411198545664),(14267,127,1241,-87,1411198545852),(14268,127,1232,-87,1411198545945),(14269,127,1293,-87,1411198546023),(14270,127,1236,-87,1411198546117),(14271,127,1261,-88,1411198546195),(14272,127,1246,-88,1411198546335),(14273,127,1233,-88,1411198546413),(14274,127,1268,-88,1411198546507),(14275,127,1221,-88,1411198546569),(14276,127,1240,-89,1411198546678),(14277,127,1262,-89,1411198546912),(14278,127,1224,-89,1411198547022),(14279,127,1295,-89,1411198547193),(14280,127,1225,-89,1411198547271),(14281,127,1243,-90,1411198547412),(14282,127,1230,-90,1411198547490),(14283,127,1296,-90,1411198547646),(14284,127,1242,-90,1411198547739),(14285,127,1245,-91,1411198547942),(14286,127,1238,-91,1411198548020),(14287,127,1234,-92,1411198548098),(14288,127,1205,-59,1411198555088),(14289,127,1211,-62,1411198555260),(14290,127,1210,-62,1411198555322),(14291,127,1209,-62,1411198555416),(14292,127,1208,-62,1411198555494),(14293,127,1207,-62,1411198555572),(14294,127,1212,-66,1411198555681),(14295,127,1213,-67,1411198555759),(14296,127,1264,-74,1411198555837),(14297,127,1219,-78,1411198555930),(14298,127,1214,-78,1411198556024),(14299,127,1218,-78,1411198556149),(14300,127,1217,-78,1411198556242),(14301,127,1215,-78,1411198556336),(14302,127,1216,-79,1411198556414),(14303,127,1225,-84,1411198556523),(14304,127,1248,-85,1411198556601),(14305,127,1238,-86,1411198556679),(14306,127,1241,-86,1411198556773),(14307,127,1261,-86,1411198556851),(14308,127,1242,-86,1411198556944),(14309,127,1223,-86,1411198557022),(14310,127,1230,-86,1411198557194),(14311,127,1240,-86,1411198557272),(14312,127,1250,-87,1411198557350),(14313,127,1243,-87,1411198557444),(14314,127,1293,-87,1411198557537),(14315,127,1297,-87,1411198557693),(14316,127,1224,-87,1411198557771),(14317,127,1260,-87,1411198557849),(14318,127,1247,-88,1411198557927),(14319,127,1249,-88,1411198558068),(14320,127,1296,-88,1411198558286),(14321,127,1270,-88,1411198558364),(14322,127,1268,-89,1411198558442),(14323,127,1228,-89,1411198558536),(14324,127,1236,-89,1411198558614),(14325,127,1295,-89,1411198558707),(14326,127,1233,-90,1411198558816),(14327,127,1262,-90,1411198558894);
