# Host: localhost  (Version: 5.6.11)
# Date: 2014-09-18 19:46:18
# Generator: MySQL-Front 5.3  (Build 4.155)

/*!40101 SET NAMES utf8 */;

#
# Structure for table "location"
#

DROP TABLE IF EXISTS `location`;
CREATE TABLE `location` (
  `lid` int(11) NOT NULL AUTO_INCREMENT,
  `label` varchar(255) DEFAULT NULL,
  PRIMARY KEY (`lid`)
) ENGINE=InnoDB AUTO_INCREMENT=49 DEFAULT CHARSET=utf8;

#
# Data for table "location"
#

INSERT INTO `location` VALUES (45,'lzn'),(46,'syb'),(47,'xd'),(48,'czj');

#
# Structure for table "wifi"
#

DROP TABLE IF EXISTS `wifi`;
CREATE TABLE `wifi` (
  `wid` int(11) NOT NULL AUTO_INCREMENT,
  `bssid` varchar(255) DEFAULT '',
  `freq` int(11) DEFAULT NULL,
  PRIMARY KEY (`wid`)
) ENGINE=InnoDB AUTO_INCREMENT=666 DEFAULT CHARSET=utf8;

#
# Data for table "wifi"
#

INSERT INTO `wifi` VALUES (610,'0c:72:2c:ce:26:1e',2462),(611,'0c:82:68:db:74:ce',2437),(612,'9c:21:6a:02:c8:7e',2412),(613,'e4:d3:32:59:2b:54',2462),(614,'f8:1e:df:ed:d3:dd',2462),(615,'00:5a:39:19:c5:9e',2462),(616,'bc:96:80:e0:9b:ab',2412),(617,'0c:82:68:aa:08:fe',2437),(618,'78:a1:06:a8:a7:a2',2412),(619,'f8:2f:a8:f0:6a:fb',2437),(620,'0c:82:68:f5:5a:9c',2437),(621,'2c:d0:5a:32:89:f2',2457),(622,'02:06:00:01:68:00',2437),(623,'a8:15:4d:91:7d:80',2462),(624,'00:0c:43:76:20:40',2432),(625,'a8:15:4d:63:50:0e',2412),(626,'08:57:00:69:99:78',2437),(627,'56:fd:52:13:74:fc',2462),(628,'d4:ee:07:0f:6f:b0',2422),(629,'a8:57:4e:da:ec:6e',2412),(630,'74:ea:3a:2f:48:8e',2427),(631,'9c:21:6a:32:91:14',2412),(632,'40:16:9f:e8:9a:9e',2412),(633,'0c:82:68:b5:3e:24',2412),(634,'02:06:00:01:69:80',2437),(635,'40:16:9f:20:4f:5a',2412),(636,'4c:eb:42:43:53:d3',2462),(637,'0c:82:68:93:8b:64',2437),(638,'9c:41:7c:78:a1:88',2412),(639,'6c:19:8f:5e:a0:41',2417),(640,'02:06:00:01:67:00',2462),(641,'56:fd:52:40:23:6a',2412),(642,'20:dc:e6:3c:a3:20',2437),(643,'00:27:1d:04:1f:b6',2437),(644,'a8:57:4e:eb:c0:62',2437),(645,'d8:15:0d:8b:66:e2',2412),(646,'08:10:77:a5:6c:de',2437),(647,'0c:82:68:aa:31:42',2437),(648,'d4:ee:07:08:30:c6',2427),(649,'00:27:1d:05:1f:b6',2437),(650,'08:57:00:5b:ec:6c',2412),(651,'0c:82:68:ba:05:e0',2412),(652,'c8:3a:35:3f:7f:20',2462),(653,'9c:c1:72:6f:32:bb',2412),(654,'02:06:00:01:6b:80',2462),(655,'00:21:5d:33:5d:63',2462),(656,'14:75:90:5b:e9:f4',2437),(657,'fe:f8:ae:25:79:a8',2462),(658,'02:06:00:01:6e:00',2437),(659,'04:5f:a7:09:76:0d',2447),(660,'e4:d3:32:bb:41:6e',2412),(661,'9c:d6:43:d1:01:d6',2462),(662,'00:27:1d:04:21:79',2462),(663,'20:dc:e6:6b:b5:24',2437),(664,'0c:82:68:fb:c6:bc',2412),(665,'c6:cb:38:23:65:3b',2412);

#
# Structure for table "sample"
#

DROP TABLE IF EXISTS `sample`;
CREATE TABLE `sample` (
  `sid` int(11) NOT NULL AUTO_INCREMENT,
  `lid` int(11) NOT NULL,
  `wid` int(11) NOT NULL,
  `level` int(11) DEFAULT NULL,
  `time` bigint(20) DEFAULT NULL,
  PRIMARY KEY (`sid`),
  KEY `lid` (`lid`),
  KEY `wid` (`wid`),
  CONSTRAINT `sample_ibfk_1` FOREIGN KEY (`lid`) REFERENCES `location` (`lid`),
  CONSTRAINT `sample_ibfk_2` FOREIGN KEY (`wid`) REFERENCES `wifi` (`wid`)
) ENGINE=InnoDB AUTO_INCREMENT=5753 DEFAULT CHARSET=utf8;

#
# Data for table "sample"
#

INSERT INTO `sample` VALUES (5595,45,610,-81,1411017077354),(5596,45,611,-64,1411017077489),(5597,45,612,-68,1411017077676),(5598,45,613,-53,1411017077815),(5599,45,614,-57,1411017077951),(5600,45,615,-72,1411017078135),(5601,45,616,-80,1411017078308),(5602,45,617,-75,1411017078476),(5603,45,618,-79,1411017078630),(5604,45,619,-84,1411017078804),(5605,45,620,-81,1411017078930),(5606,45,621,-38,1411017079089),(5607,45,622,-85,1411017079228),(5608,45,623,-86,1411017079388),(5609,45,624,-85,1411017079617),(5610,45,625,-90,1411017079888),(5611,45,626,-87,1411017080034),(5612,45,627,-89,1411017080188),(5613,45,628,-84,1411017080311),(5614,45,629,-76,1411017080477),(5615,45,630,-87,1411017080726),(5616,45,631,-87,1411017080898),(5617,45,632,-90,1411017081031),(5618,45,633,-90,1411017081164),(5619,45,634,-92,1411017081342),(5620,45,635,-85,1411017081477),(5621,45,636,-88,1411017081608),(5622,45,637,-88,1411017081763),(5623,45,638,-90,1411017081896),(5624,45,639,-91,1411017082030),(5625,46,610,-80,1411017311017),(5626,46,612,-81,1411017311080),(5627,46,613,-55,1411017311142),(5628,46,614,-58,1411017311205),(5629,46,615,-79,1411017311283),(5630,46,616,-72,1411017311345),(5631,46,617,-81,1411017311517),(5632,46,621,-61,1411017311610),(5633,46,622,-80,1411017311673),(5634,46,629,-83,1411017311751),(5635,46,624,-87,1411017311860),(5636,46,611,-74,1411017311938),(5637,46,627,-84,1411017312016),(5638,46,619,-88,1411017312078),(5639,46,640,-84,1411017312203),(5640,46,628,-83,1411017312328),(5641,46,630,-86,1411017312375),(5642,46,634,-90,1411017312515),(5643,46,623,-84,1411017312609),(5644,46,641,-79,1411017312827),(5645,46,642,-82,1411017312952),(5646,46,643,-87,1411017313092),(5647,46,644,-79,1411017313217),(5648,46,639,-90,1411017313279),(5649,46,645,-79,1411017313482),(5650,46,646,-86,1411017313654),(5651,46,647,-89,1411017313779),(5652,46,648,-91,1411017313935),(5653,46,649,-86,1411017314075),(5654,46,650,-74,1411017314215),(5655,46,651,-93,1411017314559),(5656,46,652,-88,1411017314793),(5657,46,653,-89,1411017314917),(5658,46,654,-84,1411017315073),(5659,47,610,-77,1411017414995),(5660,47,612,-71,1411017415057),(5661,47,613,-44,1411017415120),(5662,47,614,-59,1411017415213),(5663,47,615,-64,1411017415369),(5664,47,616,-77,1411017415432),(5665,47,617,-74,1411017415494),(5666,47,621,-68,1411017415588),(5667,47,622,-91,1411017415666),(5668,47,629,-79,1411017415728),(5669,47,611,-65,1411017415806),(5670,47,619,-82,1411017415884),(5671,47,630,-91,1411017415978),(5672,47,618,-87,1411017416087),(5673,47,626,-78,1411017416165),(5674,47,628,-82,1411017416227),(5675,47,655,-85,1411017416446),(5676,47,650,-90,1411017416508),(5677,47,624,-83,1411017416586),(5678,47,656,-88,1411017416711),(5679,47,625,-81,1411017416820),(5680,47,623,-89,1411017416961),(5681,47,637,-86,1411017417039),(5682,47,633,-91,1411017417101),(5683,47,657,-89,1411017417241),(5684,47,658,-89,1411017417460),(5685,47,638,-91,1411017417538),(5686,47,659,-91,1411017417694),(5687,47,660,-90,1411017417834),(5688,47,610,-77,1411017427163),(5689,47,612,-67,1411017427241),(5690,47,613,-42,1411017427350),(5691,47,614,-54,1411017427428),(5692,47,615,-64,1411017427491),(5693,47,616,-70,1411017427553),(5694,47,617,-74,1411017427631),(5695,47,621,-58,1411017427771),(5696,47,622,-91,1411017427849),(5697,47,629,-80,1411017427927),(5698,47,611,-65,1411017427974),(5699,47,619,-85,1411017428052),(5700,47,630,-87,1411017428146),(5701,47,618,-87,1411017428224),(5702,47,626,-79,1411017428286),(5703,47,628,-82,1411017428395),(5704,47,655,-85,1411017428458),(5705,47,650,-90,1411017428520),(5706,47,624,-86,1411017428614),(5707,47,656,-88,1411017428801),(5708,47,625,-81,1411017428863),(5709,47,623,-89,1411017428973),(5710,47,637,-90,1411017429035),(5711,47,633,-92,1411017429097),(5712,47,657,-89,1411017429160),(5713,47,658,-89,1411017429238),(5714,47,638,-92,1411017429300),(5715,47,659,-91,1411017429409),(5716,47,660,-90,1411017429472),(5717,47,620,-91,1411017429550),(5718,47,632,-92,1411017429612),(5719,48,612,-70,1411017489099),(5720,48,613,-60,1411017489271),(5721,48,614,-40,1411017489364),(5722,48,615,-77,1411017489442),(5723,48,616,-64,1411017489505),(5724,48,617,-85,1411017489598),(5725,48,621,-52,1411017489661),(5726,48,629,-81,1411017489770),(5727,48,611,-75,1411017489895),(5728,48,619,-88,1411017490020),(5729,48,630,-89,1411017490098),(5730,48,618,-86,1411017490160),(5731,48,626,-88,1411017490238),(5732,48,655,-90,1411017490285),(5733,48,624,-86,1411017490378),(5734,48,633,-92,1411017490441),(5735,48,638,-88,1411017490519),(5736,48,620,-92,1411017490581),(5737,48,627,-84,1411017490659),(5738,48,657,-84,1411017490800),(5739,48,625,-80,1411017490971),(5740,48,661,-87,1411017491127),(5741,48,658,-89,1411017491190),(5742,48,662,-93,1411017491361),(5743,48,623,-81,1411017491439),(5744,48,635,-88,1411017491502),(5745,48,663,-91,1411017491611),(5746,48,664,-91,1411017491767),(5747,48,622,-81,1411017491938),(5748,48,610,-79,1411017492001),(5749,48,665,-89,1411017492157),(5750,48,652,-91,1411017492235),(5751,48,634,-91,1411017492297),(5752,48,651,-87,1411017492375);
