# Host: localhost  (Version: 5.6.11)
# Date: 2014-09-19 15:45:44
# Generator: MySQL-Front 5.3  (Build 4.155)

/*!40101 SET NAMES utf8 */;

#
# Structure for table "location"
#

DROP TABLE IF EXISTS `location`;
CREATE TABLE `location` (
  `lid` int(11) NOT NULL AUTO_INCREMENT,
  `label` varchar(255) DEFAULT NULL,
  PRIMARY KEY (`lid`)
) ENGINE=InnoDB AUTO_INCREMENT=85 DEFAULT CHARSET=utf8;

#
# Data for table "location"
#

INSERT INTO `location` VALUES (83,'taolixi'),(84,'taolinan'),(85,'taolixinan'),(87,'taolixibei');

#
# Structure for table "wifi"
#

DROP TABLE IF EXISTS `wifi`;
CREATE TABLE `wifi` (
  `wid` int(11) NOT NULL AUTO_INCREMENT,
  `bssid` varchar(255) DEFAULT '',
  `freq` int(11) DEFAULT NULL,
  PRIMARY KEY (`wid`)
) ENGINE=InnoDB AUTO_INCREMENT=911 DEFAULT CHARSET=utf8;

#
# Data for table "wifi"
#

INSERT INTO `wifi` VALUES (911,'44:e4:d9:84:c2:70',2412),(912,'44:e4:d9:84:c2:74',2412),(913,'44:e4:d9:84:c2:7b',2412),(914,'44:e4:d9:84:c2:77',2412),(915,'44:e4:d9:84:c2:79',2412),(916,'44:e4:d9:84:c2:75',2412),(917,'44:e4:d9:85:2b:a0',2437),(918,'44:e4:d9:85:2b:a5',2437),(919,'44:e4:d9:3f:fd:d4',2437),(920,'44:e4:d9:3f:fd:d0',2437),(921,'44:e4:d9:3f:fd:d9',2437),(922,'44:e4:d9:3f:fd:d7',2437),(923,'44:e4:d9:3f:fd:d5',2437),(924,'44:e4:d9:3f:91:a4',2412),(925,'44:e4:d9:3f:91:a5',2412),(926,'44:e4:d9:3f:fd:db',2437),(927,'c8:64:c7:17:29:12',2437),(928,'44:e4:d9:3f:91:a0',2412),(929,'44:e4:d9:3f:91:a9',2412),(930,'c8:64:c7:17:29:15',2437),(931,'44:e4:d9:3f:91:ab',2412),(932,'44:e4:d9:bc:06:d9',2412),(933,'44:e4:d9:bc:06:d5',2412),(934,'44:e4:d9:3f:91:a7',2412),(935,'44:e4:d9:bc:06:d4',2412),(936,'c8:64:c7:17:29:13',2437),(937,'ec:88:8f:7e:b3:84',2437),(938,'d4:ee:07:08:06:18',2447),(939,'02:06:00:01:71:00',2437),(940,'02:06:00:01:6d:00',2462),(941,'44:e4:d9:3f:f9:30',2437),(942,'02:06:00:01:6b:80',2462),(943,'0c:72:2c:d8:5a:94',2462),(944,'02:06:00:01:73:00',2462),(945,'44:e4:d9:3f:f9:34',2437),(946,'c8:3a:35:46:ef:c0',2462),(947,'44:e4:d9:bc:06:d0',2412),(948,'00:27:1d:04:24:ba',2437),(949,'00:27:1d:06:24:ba',2437),(950,'c4:ca:d9:0b:f8:e0',2437),(951,'08:57:00:41:71:1e',2437),(952,'02:06:00:01:75:80',2437),(953,'44:e4:d9:3f:f9:3b',2437),(954,'44:e4:d9:3f:f9:35',2437),(955,'c4:ca:d9:0c:08:90',2462),(956,'c8:64:c7:17:29:14',2437),(957,'44:e4:d9:bc:06:db',2412),(958,'00:27:1d:05:24:ba',2437),(959,'c4:ca:d9:0b:f9:a0',2412),(960,'02:06:00:01:65:80',2462),(961,'26:6d:57:39:dc:ba',2462),(962,'44:e4:d9:bc:06:d7',2412),(963,'02:06:00:01:6f:80',2437),(964,'0c:72:2c:59:ff:c2',2462),(965,'02:06:00:01:77:80',2462),(966,'02:06:00:01:6d:80',2412),(967,'c4:ca:d9:0c:04:f0',2412),(968,'0c:84:dc:e9:ae:15',2462),(969,'c8:e7:d8:36:c5:a0',2462),(970,'d4:ee:07:09:57:32',2452),(971,'04:0c:ce:20:e2:3c',2462),(972,'a8:57:4e:47:31:7e',2462),(973,'44:e4:d9:3f:f9:37',2437),(974,'44:e4:d9:3f:f9:39',2437),(975,'5a:76:3f:f4:24:df',2462),(976,'c2:75:d5:8e:8f:fb',2437),(977,'c0:62:6b:85:d1:7b',2462),(978,'c0:62:6b:85:d1:70',2462),(979,'78:a1:06:7c:1b:74',2412),(980,'c0:62:6b:85:d1:74',2462),(981,'c0:62:6b:85:d1:75',2462),(982,'c0:62:6b:85:d1:79',2462),(983,'c0:61:18:b0:f4:4a',2437),(984,'c0:62:6b:85:d1:77',2462),(985,'d4:ee:07:0f:76:2a',2447),(986,'1c:fa:68:94:14:c8',2412),(987,'8c:21:0a:59:bb:b0',2437),(988,'c4:ca:d9:0b:f8:10',2462),(989,'96:00:4e:b2:ec:b7',2462),(990,'48:5a:b6:76:10:9a',2457),(991,'42:7c:8f:79:2a:93',2462),(992,'14:e6:e4:47:46:e2',2412),(993,'44:e4:d9:aa:8a:55',2412),(994,'e4:d3:32:74:bb:d0',2412),(995,'78:a1:06:5a:5c:0c',2462),(996,'ec:88:8f:2f:fc:74',2437),(997,'0c:82:68:ea:3b:fc',2412),(998,'d4:ee:07:08:30:c6',2427),(999,'48:5a:b6:4f:22:cd',2412),(1000,'9c:d6:43:d1:01:d6',2462),(1001,'74:e5:43:17:8d:9f',2462),(1002,'02:06:00:01:6e:80',2462);

#
# Structure for table "sample"
#

DROP TABLE IF EXISTS `sample`;
CREATE TABLE `sample` (
  `sid` int(11) NOT NULL AUTO_INCREMENT,
  `lid` int(11) NOT NULL,
  `wid` int(11) NOT NULL,
  `level` int(11) DEFAULT NULL,
  `time` bigint(20) DEFAULT NULL,
  PRIMARY KEY (`sid`),
  KEY `lid` (`lid`),
  KEY `wid` (`wid`),
  CONSTRAINT `sample_ibfk_1` FOREIGN KEY (`lid`) REFERENCES `location` (`lid`),
  CONSTRAINT `sample_ibfk_2` FOREIGN KEY (`wid`) REFERENCES `wifi` (`wid`)
) ENGINE=InnoDB AUTO_INCREMENT=9042 DEFAULT CHARSET=utf8;

#
# Data for table "sample"
#

INSERT INTO `sample` VALUES (8064,83,911,-52,1411111189119),(8065,83,912,-53,1411111189265),(8066,83,913,-54,1411111189430),(8067,83,914,-54,1411111189590),(8068,83,915,-54,1411111189897),(8069,83,916,-56,1411111190140),(8070,83,917,-67,1411111190287),(8071,83,918,-69,1411111190495),(8072,83,919,-74,1411111190640),(8073,83,920,-74,1411111190792),(8074,83,921,-77,1411111191030),(8075,83,922,-78,1411111191172),(8076,83,923,-78,1411111191347),(8077,83,924,-78,1411111191495),(8078,83,925,-80,1411111191725),(8079,83,926,-81,1411111191980),(8080,83,927,-82,1411111192180),(8081,83,928,-83,1411111192415),(8082,83,929,-84,1411111192550),(8083,83,930,-85,1411111192747),(8084,83,931,-85,1411111193000),(8085,83,932,-85,1411111193280),(8086,83,933,-85,1411111193425),(8087,83,934,-86,1411111193592),(8088,83,935,-86,1411111193847),(8089,83,936,-88,1411111194087),(8090,83,937,-89,1411111194505),(8091,83,938,-90,1411111195046),(8092,83,939,-91,1411111195288),(8093,83,940,-92,1411111195433),(8094,83,941,-92,1411111195578),(8095,83,942,-93,1411111195776),(8096,83,943,-94,1411111195928),(8097,83,944,-95,1411111196221),(8098,83,945,-96,1411111196366),(8099,83,946,-98,1411111196511),(8100,83,913,-50,1411111197903),(8101,83,916,-51,1411111198141),(8102,83,911,-52,1411111198288),(8103,83,914,-52,1411111198416),(8104,83,912,-53,1411111198506),(8105,83,917,-69,1411111198603),(8106,83,918,-70,1411111198718),(8107,83,919,-75,1411111198791),(8108,83,926,-75,1411111198926),(8109,83,921,-75,1411111198991),(8110,83,922,-76,1411111199126),(8111,83,923,-77,1411111199203),(8112,83,920,-81,1411111199338),(8113,83,931,-82,1411111199416),(8114,83,934,-82,1411111199501),(8115,83,929,-83,1411111199566),(8116,83,925,-83,1411111199651),(8117,83,928,-85,1411111199781),(8118,83,924,-85,1411111199903),(8119,83,915,-86,1411111199981),(8120,83,933,-87,1411111200153),(8121,83,932,-87,1411111200343),(8122,83,947,-87,1411111200741),(8123,83,936,-88,1411111200856),(8124,83,927,-88,1411111200921),(8125,83,948,-91,1411111201213),(8126,83,949,-92,1411111201494),(8127,83,950,-92,1411111201679),(8128,83,951,-92,1411111201902),(8129,83,943,-93,1411111202019),(8130,83,930,-93,1411111202132),(8131,83,952,-93,1411111202312),(8132,83,945,-93,1411111202387),(8133,83,953,-94,1411111202667),(8134,83,942,-94,1411111202744),(8135,83,941,-94,1411111202832),(8136,83,954,-95,1411111202979),(8137,83,940,-95,1411111203189),(8138,83,939,-95,1411111203264),(8139,83,955,-96,1411111203399),(8140,83,944,-98,1411111203487),(8141,83,913,-48,1411111206494),(8142,83,914,-48,1411111206652),(8143,83,912,-49,1411111206734),(8144,83,916,-49,1411111206814),(8145,83,911,-49,1411111206934),(8146,83,915,-52,1411111207027),(8147,83,917,-68,1411111207102),(8148,83,918,-70,1411111207189),(8149,83,926,-76,1411111207259),(8150,83,923,-76,1411111207347),(8151,83,922,-77,1411111207504),(8152,83,921,-77,1411111207629),(8153,83,920,-79,1411111207712),(8154,83,919,-81,1411111208049),(8155,83,931,-82,1411111208134),(8156,83,924,-82,1411111208197),(8157,83,928,-83,1411111208279),(8158,83,925,-83,1411111208342),(8159,83,929,-84,1411111208554),(8160,83,934,-84,1411111208624),(8161,83,956,-84,1411111208769),(8162,83,936,-85,1411111208859),(8163,83,930,-86,1411111208967),(8164,83,932,-87,1411111209057),(8165,83,935,-88,1411111209134),(8166,83,948,-88,1411111209227),(8167,83,957,-88,1411111209524),(8168,83,947,-90,1411111209627),(8169,83,943,-91,1411111209712),(8170,83,933,-91,1411111209822),(8171,83,951,-91,1411111209899),(8172,83,942,-91,1411111210034),(8173,83,938,-92,1411111210114),(8174,83,939,-94,1411111210197),(8175,83,941,-94,1411111210267),(8176,83,940,-95,1411111210412),(8177,83,946,-95,1411111210952),(8178,83,944,-96,1411111211132),(8179,83,914,-47,1411111212785),(8180,83,913,-48,1411111213347),(8181,83,912,-48,1411111213540),(8182,83,916,-48,1411111213717),(8183,83,911,-48,1411111213930),(8184,83,915,-48,1411111214072),(8185,83,918,-68,1411111214187),(8186,83,917,-71,1411111214272),(8187,83,923,-75,1411111214350),(8188,83,922,-76,1411111214452),(8189,83,926,-77,1411111214625),(8190,83,921,-78,1411111214740),(8191,83,919,-78,1411111214885),(8192,83,920,-79,1411111215087),(8193,83,934,-83,1411111215170),(8194,83,929,-83,1411111215260),(8195,83,928,-84,1411111215382),(8196,83,931,-85,1411111215472),(8197,83,924,-85,1411111215552),(8198,83,958,-85,1411111215695),(8199,83,943,-85,1411111215835),(8200,83,936,-86,1411111216157),(8201,83,925,-86,1411111216357),(8202,83,930,-86,1411111216437),(8203,83,947,-87,1411111216557),(8204,83,927,-87,1411111216635),(8205,83,933,-88,1411111216722),(8206,83,951,-88,1411111216800),(8207,83,957,-89,1411111217060),(8208,83,950,-90,1411111217285),(8209,83,937,-90,1411111217562),(8210,83,938,-92,1411111217857),(8211,83,959,-94,1411111218235),(8212,83,941,-94,1411111218322),(8213,83,942,-95,1411111218397),(8214,83,946,-96,1411111218585),(8215,83,954,-96,1411111218700),(8216,83,940,-98,1411111218800),(8217,83,960,-98,1411111219155),(8218,83,961,-99,1411111219300),(8219,83,916,-45,1411111220612),(8220,83,912,-47,1411111220722),(8221,83,913,-47,1411111220825),(8222,83,911,-49,1411111220965),(8223,83,915,-49,1411111221050),(8224,83,914,-61,1411111221117),(8225,83,918,-68,1411111221242),(8226,83,917,-69,1411111221330),(8227,83,922,-74,1411111221407),(8228,83,920,-76,1411111221495),(8229,83,926,-76,1411111221595),(8230,83,921,-76,1411111221682),(8231,83,919,-76,1411111221817),(8232,83,923,-77,1411111221937),(8233,83,925,-83,1411111222015),(8234,83,927,-83,1411111222092),(8235,83,957,-84,1411111222250),(8236,83,929,-84,1411111222337),(8237,83,935,-85,1411111222435),(8238,83,924,-85,1411111222505),(8239,83,962,-86,1411111222685),(8240,83,933,-86,1411111222770),(8241,83,943,-88,1411111222892),(8242,83,934,-88,1411111222972),(8243,83,963,-88,1411111223117),(8244,83,950,-89,1411111223360),(8245,83,958,-90,1411111223470),(8246,83,949,-91,1411111223532),(8247,83,936,-91,1411111223660),(8248,83,930,-92,1411111223760),(8249,83,940,-92,1411111223847),(8250,83,951,-93,1411111223925),(8251,83,948,-93,1411111224015),(8252,83,942,-93,1411111224125),(8253,83,931,-93,1411111224357),(8254,83,928,-94,1411111224435),(8255,83,964,-94,1411111224615),(8256,83,965,-95,1411111224745),(8257,83,945,-96,1411111224835),(8258,83,953,-97,1411111224910),(8259,83,955,-100,1411111224990),(8260,84,914,-54,1411111227230),(8261,84,912,-58,1411111227342),(8262,84,911,-58,1411111227425),(8263,84,915,-59,1411111227507),(8264,84,913,-61,1411111227637),(8265,84,916,-62,1411111227730),(8266,84,917,-69,1411111227810),(8267,84,918,-70,1411111227897),(8268,84,926,-74,1411111228065),(8269,84,922,-78,1411111228405),(8270,84,921,-79,1411111228530),(8271,84,919,-79,1411111228637),(8272,84,920,-80,1411111228705),(8273,84,931,-80,1411111228817),(8274,84,923,-81,1411111228882),(8275,84,966,-81,1411111229020),(8276,84,963,-82,1411111229107),(8277,84,937,-82,1411111229185),(8278,84,967,-84,1411111229407),(8279,84,928,-84,1411111229505),(8280,84,943,-85,1411111229592),(8281,84,934,-85,1411111229717),(8282,84,932,-85,1411111229940),(8283,84,933,-86,1411111230025),(8284,84,925,-87,1411111230092),(8285,84,954,-88,1411111230172),(8286,84,957,-88,1411111230370),(8287,84,924,-88,1411111230447),(8288,84,965,-88,1411111230515),(8289,84,961,-88,1411111230605),(8290,84,935,-89,1411111230682),(8291,84,968,-91,1411111230872),(8292,84,969,-92,1411111231017),(8293,84,929,-92,1411111231102),(8294,84,942,-93,1411111231170),(8295,84,970,-94,1411111231405),(8296,84,971,-95,1411111231550),(8297,84,940,-96,1411111231670),(8298,84,972,-96,1411111232135),(8299,84,946,-99,1411111232280),(8300,84,913,-60,1411111239497),(8301,84,916,-62,1411111239625),(8302,84,914,-62,1411111239725),(8303,84,911,-63,1411111240012),(8304,84,912,-63,1411111240235),(8305,84,918,-64,1411111240347),(8306,84,915,-64,1411111240435),(8307,84,917,-66,1411111240512),(8308,84,919,-76,1411111240647),(8309,84,932,-77,1411111240745),(8310,84,933,-78,1411111240825),(8311,84,962,-79,1411111240912),(8312,84,924,-79,1411111240990),(8313,84,923,-81,1411111241122),(8314,84,921,-82,1411111241202),(8315,84,928,-83,1411111241395),(8316,84,954,-84,1411111241500),(8317,84,925,-85,1411111241590),(8318,84,926,-85,1411111241667),(8319,84,937,-85,1411111241910),(8320,84,929,-86,1411111242022),(8321,84,931,-86,1411111242112),(8322,84,922,-86,1411111242222),(8323,84,945,-86,1411111242385),(8324,84,941,-86,1411111242452),(8325,84,934,-86,1411111242575),(8326,84,935,-86,1411111242650),(8327,84,947,-86,1411111242732),(8328,84,920,-87,1411111242810),(8329,84,957,-87,1411111242897),(8330,84,973,-87,1411111243080),(8331,84,953,-88,1411111243155),(8332,84,974,-89,1411111243410),(8333,84,975,-89,1411111243587),(8334,84,940,-91,1411111243675),(8335,84,976,-92,1411111243965),(8336,84,927,-93,1411111244075),(8337,84,936,-94,1411111244238),(8338,84,977,-96,1411111244598),(8339,84,978,-97,1411111244798),(8340,84,979,-100,1411111244970),(8341,84,914,-64,1411111247028),(8342,84,917,-64,1411111247100),(8343,84,911,-66,1411111247180),(8344,84,916,-66,1411111247280),(8345,84,918,-68,1411111247370),(8346,84,913,-69,1411111247470),(8347,84,912,-69,1411111247545),(8348,84,915,-70,1411111247690),(8349,84,957,-72,1411111247990),(8350,84,933,-72,1411111248090),(8351,84,935,-73,1411111248173),(8352,84,925,-77,1411111248258),(8353,84,929,-77,1411111248345),(8354,84,932,-77,1411111248423),(8355,84,934,-78,1411111248510),(8356,84,962,-78,1411111248723),(8357,84,947,-78,1411111248810),(8358,84,921,-78,1411111248875),(8359,84,920,-79,1411111248955),(8360,84,931,-79,1411111249135),(8361,84,924,-79,1411111249213),(8362,84,923,-79,1411111249300),(8363,84,919,-80,1411111249365),(8364,84,928,-80,1411111249445),(8365,84,922,-81,1411111249555),(8366,84,953,-82,1411111249868),(8367,84,926,-83,1411111249955),(8368,84,945,-83,1411111250053),(8369,84,974,-83,1411111250165),(8370,84,937,-84,1411111250253),(8371,84,973,-84,1411111250320),(8372,84,941,-86,1411111250423),(8373,84,954,-89,1411111250495),(8374,84,940,-91,1411111250610),(8375,84,930,-94,1411111250688),(8376,84,972,-94,1411111250865),(8377,84,980,-94,1411111251010),(8378,84,981,-95,1411111251188),(8379,84,977,-96,1411111251263),(8380,84,965,-96,1411111251545),(8381,84,942,-97,1411111251630),(8382,84,982,-97,1411111252288),(8383,84,911,-64,1411111253940),(8384,84,912,-65,1411111254403),(8385,84,913,-66,1411111254525),(8386,84,918,-66,1411111254673),(8387,84,917,-67,1411111254885),(8388,84,947,-68,1411111255558),(8389,84,916,-69,1411111255775),(8390,84,935,-70,1411111255958),(8391,84,957,-70,1411111256135),(8392,84,962,-72,1411111256213),(8393,84,932,-73,1411111256535),(8394,84,933,-75,1411111256610),(8395,84,931,-76,1411111256700),(8396,84,928,-76,1411111256763),(8397,84,923,-79,1411111256845),(8398,84,924,-79,1411111256958),(8399,84,926,-79,1411111257378),(8400,84,921,-79,1411111257465),(8401,84,922,-80,1411111257585),(8402,84,929,-80,1411111259253),(8403,84,919,-80,1411111260320),(8404,84,920,-80,1411111260508),(8405,84,925,-82,1411111260745),(8406,84,941,-83,1411111260905),(8407,84,954,-83,1411111261048),(8408,84,974,-83,1411111261298),(8409,84,953,-83,1411111261615),(8410,84,973,-84,1411111261755),(8411,84,945,-84,1411111262083),(8412,84,937,-85,1411111262393),(8413,84,934,-86,1411111262873),(8414,84,972,-86,1411111263215),(8415,84,983,-90,1411111263525),(8416,84,965,-91,1411111263803),(8417,84,940,-92,1411111264013),(8418,84,930,-93,1411111264128),(8419,84,936,-93,1411111264290),(8420,84,977,-95,1411111264390),(8421,84,980,-95,1411111264470),(8422,84,981,-96,1411111264713),(8423,84,978,-96,1411111264800),(8424,84,916,-62,1411111284023),(8425,84,914,-63,1411111284150),(8426,84,911,-64,1411111284238),(8427,84,913,-65,1411111284340),(8428,84,915,-65,1411111284428),(8429,84,918,-66,1411111284505),(8430,84,928,-67,1411111284595),(8431,84,912,-67,1411111284685),(8432,84,917,-67,1411111284863),(8433,84,924,-69,1411111284963),(8434,84,934,-69,1411111285125),(8435,84,925,-70,1411111285260),(8436,84,931,-71,1411111285373),(8437,84,929,-74,1411111285500),(8438,84,935,-76,1411111285605),(8439,84,921,-77,1411111285739),(8440,84,920,-78,1411111286136),(8441,84,933,-79,1411111286316),(8442,84,957,-80,1411111286526),(8443,84,919,-80,1411111286801),(8444,84,922,-80,1411111287477),(8445,84,962,-80,1411111287612),(8446,84,945,-81,1411111287724),(8447,84,926,-81,1411111288334),(8448,84,973,-82,1411111288682),(8449,84,953,-83,1411111288932),(8450,84,954,-83,1411111289057),(8451,84,974,-83,1411111289192),(8452,84,972,-83,1411111289277),(8453,84,923,-84,1411111289377),(8454,84,941,-84,1411111289492),(8455,84,937,-86,1411111289587),(8456,84,965,-87,1411111289667),(8457,84,936,-89,1411111290177),(8458,84,977,-90,1411111290402),(8459,84,927,-90,1411111290532),(8460,84,981,-91,1411111290607),(8461,84,982,-92,1411111290697),(8462,84,956,-92,1411111290842),(8463,84,984,-92,1411111291052),(8464,84,980,-92,1411111291142),(8465,84,978,-92,1411111291219),(8466,85,912,-63,1411111294592),(8467,85,914,-63,1411111294679),(8468,85,911,-64,1411111294817),(8469,85,913,-64,1411111294992),(8470,85,918,-66,1411111295157),(8471,85,916,-66,1411111295317),(8472,85,915,-67,1411111295402),(8473,85,917,-68,1411111295524),(8474,85,919,-77,1411111295597),(8475,85,920,-78,1411111295679),(8476,85,922,-78,1411111296064),(8477,85,921,-79,1411111296224),(8478,85,926,-80,1411111296322),(8479,85,937,-80,1411111296434),(8480,85,923,-81,1411111296542),(8481,85,941,-84,1411111296657),(8482,85,935,-86,1411111296752),(8483,85,943,-86,1411111296842),(8484,85,928,-87,1411111296927),(8485,85,985,-88,1411111297237),(8486,85,931,-88,1411111297319),(8487,85,945,-88,1411111297399),(8488,85,986,-89,1411111298094),(8489,85,924,-90,1411111298994),(8490,85,929,-90,1411111299097),(8491,85,954,-90,1411111299342),(8492,85,953,-90,1411111299452),(8493,85,957,-90,1411111299554),(8494,85,987,-90,1411111299719),(8495,85,974,-91,1411111299934),(8496,85,933,-91,1411111300017),(8497,85,940,-92,1411111300247),(8498,85,988,-93,1411111300464),(8499,85,927,-93,1411111300564),(8500,85,960,-95,1411111300649),(8501,85,989,-96,1411111300832),(8502,85,946,-96,1411111301027),(8503,85,944,-97,1411111301294),(8504,85,964,-97,1411111301394),(8505,85,955,-101,1411111301542),(8506,85,911,-45,1411111302549),(8507,85,912,-50,1411111302657),(8508,85,914,-51,1411111302794),(8509,85,916,-52,1411111302894),(8510,85,913,-52,1411111303027),(8511,85,917,-64,1411111303114),(8512,85,921,-65,1411111303349),(8513,85,918,-66,1411111303807),(8514,85,919,-68,1411111304599),(8515,85,920,-71,1411111304732),(8516,85,923,-72,1411111304819),(8517,85,926,-73,1411111304932),(8518,85,922,-73,1411111305012),(8519,85,935,-83,1411111305124),(8520,85,947,-83,1411111305284),(8521,85,932,-83,1411111305367),(8522,85,962,-83,1411111305544),(8523,85,929,-84,1411111305799),(8524,85,956,-84,1411111306057),(8525,85,924,-84,1411111306227),(8526,85,928,-85,1411111306404),(8527,85,954,-86,1411111306492),(8528,85,933,-86,1411111306574),(8529,85,936,-87,1411111306664),(8530,85,934,-87,1411111306789),(8531,85,931,-87,1411111306914),(8532,85,963,-87,1411111307012),(8533,85,937,-88,1411111307129),(8534,85,915,-90,1411111307319),(8535,85,925,-90,1411111307477),(8536,85,953,-90,1411111307572),(8537,85,943,-91,1411111307637),(8538,85,940,-91,1411111307717),(8539,85,941,-91,1411111307922),(8540,85,969,-92,1411111308059),(8541,85,964,-94,1411111308139),(8542,85,965,-95,1411111308292),(8543,85,974,-95,1411111308374),(8544,85,952,-95,1411111308597),(8545,85,960,-96,1411111308687),(8546,85,945,-97,1411111308807),(8547,85,914,-53,1411111309857),(8548,85,916,-57,1411111310135),(8549,85,912,-57,1411111310237),(8550,85,915,-57,1411111310502),(8551,85,911,-58,1411111310602),(8552,85,913,-63,1411111310717),(8553,85,918,-67,1411111310822),(8554,85,919,-72,1411111310937),(8555,85,920,-73,1411111311127),(8556,85,923,-73,1411111311227),(8557,85,921,-74,1411111311395),(8558,85,922,-74,1411111311507),(8559,85,926,-74,1411111311600),(8560,85,917,-79,1411111311680),(8561,85,928,-81,1411111311770),(8562,85,947,-81,1411111311877),(8563,85,963,-81,1411111311980),(8564,85,937,-82,1411111312072),(8565,85,929,-83,1411111312157),(8566,85,927,-84,1411111312237),(8567,85,943,-85,1411111312432),(8568,85,934,-87,1411111312522),(8569,85,985,-87,1411111312600),(8570,85,931,-88,1411111312690),(8571,85,951,-88,1411111312765),(8572,85,933,-88,1411111312875),(8573,85,935,-89,1411111312955),(8574,85,956,-89,1411111313042),(8575,85,925,-89,1411111313120),(8576,85,940,-90,1411111313212),(8577,85,924,-90,1411111313382),(8578,85,967,-90,1411111313450),(8579,85,953,-91,1411111313530),(8580,85,946,-91,1411111313602),(8581,85,965,-92,1411111313690),(8582,85,990,-93,1411111314092),(8583,85,942,-93,1411111314202),(8584,85,941,-94,1411111314452),(8585,85,964,-98,1411111314567),(8586,85,955,-98,1411111314685),(8587,85,914,-48,1411111315170),(8588,85,912,-60,1411111315405),(8589,85,911,-60,1411111315640),(8590,85,913,-61,1411111315902),(8591,85,915,-62,1411111316372),(8592,85,916,-64,1411111316815),(8593,85,917,-64,1411111317027),(8594,85,918,-68,1411111317120),(8595,85,919,-73,1411111317217),(8596,85,922,-73,1411111317295),(8597,85,920,-75,1411111317560),(8598,85,923,-76,1411111317730),(8599,85,921,-76,1411111318240),(8600,85,926,-77,1411111318427),(8601,85,937,-80,1411111318655),(8602,85,935,-85,1411111318752),(8603,85,986,-86,1411111318887),(8604,85,947,-86,1411111318990),(8605,85,957,-87,1411111319130),(8606,85,954,-88,1411111319275),(8607,85,963,-88,1411111319365),(8608,85,931,-89,1411111319555),(8609,85,985,-89,1411111319655),(8610,85,990,-90,1411111320075),(8611,85,924,-90,1411111320190),(8612,85,976,-90,1411111320267),(8613,85,991,-90,1411111320550),(8614,85,928,-91,1411111320635),(8615,85,925,-92,1411111320717),(8616,85,945,-92,1411111320835),(8617,85,992,-92,1411111321072),(8618,85,927,-93,1411111321160),(8619,85,944,-93,1411111321300),(8620,85,941,-93,1411111321507),(8621,85,988,-94,1411111321642),(8622,85,946,-95,1411111321880),(8623,85,993,-96,1411111322232),(8624,85,940,-96,1411111322345),(8625,85,948,-100,1411111322520),(8940,87,913,-36,1411112244006),(8941,87,916,-39,1411112244206),(8942,87,912,-40,1411112244339),(8943,87,914,-43,1411112244474),(8944,87,911,-44,1411112244564),(8945,87,917,-62,1411112244641),(8946,87,918,-64,1411112244729),(8947,87,919,-68,1411112244794),(8948,87,920,-69,1411112244871),(8949,87,922,-70,1411112244974),(8950,87,921,-70,1411112245111),(8951,87,923,-73,1411112245181),(8952,87,999,-84,1411112245354),(8953,87,926,-85,1411112245436),(8954,87,933,-89,1411112245519),(8955,87,946,-89,1411112245626),(8956,87,935,-91,1411112245704),(8957,87,957,-91,1411112245784),(8958,87,934,-91,1411112245894),(8959,87,931,-92,1411112245981),(8960,87,925,-92,1411112246129),(8961,87,928,-92,1411112246216),(8962,87,924,-93,1411112246316),(8963,87,989,-94,1411112246404),(8964,87,915,-95,1411112246481),(8965,87,911,-34,1411112247831),(8966,87,912,-36,1411112247921),(8967,87,915,-36,1411112248001),(8968,87,916,-37,1411112248076),(8969,87,913,-38,1411112248294),(8970,87,914,-45,1411112248379),(8971,87,917,-65,1411112248456),(8972,87,920,-66,1411112248546),(8973,87,926,-66,1411112248624),(8974,87,922,-67,1411112248711),(8975,87,923,-67,1411112248811),(8976,87,921,-67,1411112248901),(8977,87,918,-74,1411112249001),(8978,87,956,-77,1411112249089),(8979,87,927,-78,1411112249409),(8980,87,930,-80,1411112249511),(8981,87,936,-80,1411112249601),(8982,87,999,-82,1411112249676),(8983,87,929,-85,1411112249811),(8984,87,928,-86,1411112249894),(8985,87,924,-86,1411112249976),(8986,87,937,-87,1411112250044),(8987,87,935,-89,1411112250199),(8988,87,957,-90,1411112250311),(8989,87,934,-90,1411112250404),(8990,87,933,-90,1411112250474),(8991,87,931,-91,1411112250551),(8992,87,946,-91,1411112250621),(8993,87,947,-91,1411112250701),(8994,87,919,-91,1411112250789),(8995,87,925,-92,1411112250864),(8996,87,943,-93,1411112250956),(8997,87,989,-94,1411112251029),(8998,87,965,-100,1411112251109),(8999,87,912,-43,1411112272854),(9000,87,913,-45,1411112272979),(9001,87,911,-46,1411112273067),(9002,87,916,-48,1411112273154),(9003,87,914,-48,1411112273254),(9004,87,915,-51,1411112273344),(9005,87,922,-66,1411112273499),(9006,87,920,-67,1411112273574),(9007,87,919,-68,1411112273652),(9008,87,923,-69,1411112273719),(9009,87,917,-69,1411112273819),(9010,87,918,-70,1411112273889),(9011,87,926,-71,1411112273974),(9012,87,956,-73,1411112274054),(9013,87,937,-77,1411112274142),(9014,87,927,-78,1411112274219),(9015,87,940,-80,1411112274332),(9016,87,921,-82,1411112274487),(9017,87,933,-84,1411112274577),(9018,87,932,-85,1411112274679),(9019,87,999,-86,1411112274789),(9020,87,934,-86,1411112274862),(9021,87,947,-86,1411112274939),(9022,87,985,-87,1411112275079),(9023,87,967,-88,1411112275167),(9024,87,943,-88,1411112275242),(9025,87,935,-88,1411112275354),(9026,87,928,-89,1411112275542),(9027,87,962,-89,1411112275640),(9028,87,931,-89,1411112275730),(9029,87,925,-91,1411112276005),(9030,87,957,-91,1411112276115),(9031,87,930,-93,1411112276192),(9032,87,1000,-94,1411112276565),(9033,87,970,-96,1411112276640),(9034,87,989,-96,1411112276730),(9035,87,945,-97,1411112276805),(9036,87,955,-97,1411112276895),(9037,87,976,-99,1411112277007),(9038,87,913,-48,1411112277745),(9039,87,912,-48,1411112277870),(9040,87,911,-49,1411112277980),(9041,87,915,-49,1411112278075),(9042,87,916,-51,1411112278175),(9043,87,914,-55,1411112278245),(9044,87,926,-64,1411112278323),(9045,87,917,-64,1411112278390),(9046,87,918,-65,1411112278513),(9047,87,923,-66,1411112278858),(9048,87,920,-66,1411112278948),(9049,87,919,-67,1411112279025),(9050,87,922,-68,1411112279135),(9051,87,921,-68,1411112279233),(9052,87,940,-78,1411112279323),(9053,87,937,-78,1411112279390),(9054,87,943,-80,1411112279483),(9055,87,999,-81,1411112279558),(9056,87,930,-83,1411112279943),(9057,87,956,-83,1411112280023),(9058,87,946,-84,1411112280146),(9059,87,994,-84,1411112280233),(9060,87,967,-85,1411112280338),(9061,87,942,-86,1411112280421),(9062,87,935,-87,1411112280511),(9063,87,933,-87,1411112280723),(9064,87,931,-88,1411112280833),(9065,87,963,-89,1411112280911),(9066,87,976,-89,1411112280998),(9067,87,949,-90,1411112281076),(9068,87,927,-90,1411112281158),(9069,87,970,-91,1411112281466),(9070,87,957,-91,1411112281553),(9071,87,969,-91,1411112281631),(9072,87,971,-94,1411112281963),(9073,87,928,-94,1411112282053),(9074,87,944,-95,1411112282163),(9075,87,988,-95,1411112282251),(9076,87,912,-57,1411112282941),(9077,87,913,-58,1411112283278),(9078,87,916,-58,1411112283383),(9079,87,911,-60,1411112283661),(9080,87,915,-60,1411112283818),(9081,87,914,-66,1411112283928),(9082,87,918,-70,1411112283996),(9083,87,917,-70,1411112284083),(9084,87,920,-76,1411112284161),(9085,87,921,-76,1411112284251),(9086,87,922,-77,1411112284351),(9087,87,926,-77,1411112284439),(9088,87,923,-78,1411112284516),(9089,87,919,-78,1411112284621),(9090,87,999,-81,1411112285064),(9091,87,942,-83,1411112285159),(9092,87,928,-83,1411112285456),(9093,87,943,-84,1411112285536),(9094,87,935,-85,1411112285619),(9095,87,937,-85,1411112285994),(9096,87,930,-85,1411112286086),(9097,87,934,-86,1411112286156),(9098,87,924,-87,1411112286339),(9099,87,956,-87,1411112286426),(9100,87,933,-87,1411112286536),(9101,87,957,-88,1411112286614),(9102,87,931,-89,1411112286701),(9103,87,929,-89,1411112286781),(9104,87,925,-90,1411112286869),(9105,87,991,-91,1411112287136),(9106,87,970,-91,1411112287261),(9107,87,995,-92,1411112287334),(9108,87,946,-92,1411112287414),(9109,87,971,-93,1411112287489),(9110,87,1000,-93,1411112287601),(9111,87,972,-93,1411112287746),(9112,87,989,-94,1411112287966),(9113,87,940,-94,1411112288104),(9114,87,944,-96,1411112288216),(9115,87,911,-59,1411112288624),(9116,87,912,-59,1411112288744),(9117,87,916,-59,1411112288844),(9118,87,913,-62,1411112288921),(9119,87,914,-62,1411112289011),(9120,87,915,-68,1411112289166),(9121,87,917,-73,1411112289254),(9122,87,918,-74,1411112289344),(9123,87,937,-74,1411112289444),(9124,87,922,-78,1411112289554),(9125,87,926,-78,1411112289634),(9126,87,999,-78,1411112289709),(9127,87,919,-79,1411112289796),(9128,87,920,-80,1411112289861),(9129,87,997,-80,1411112289969),(9130,87,923,-81,1411112290099),(9131,87,956,-82,1411112290186),(9132,87,921,-82,1411112290251),(9133,87,929,-83,1411112290351),(9134,87,927,-83,1411112290454),(9135,87,935,-83,1411112290541),(9136,87,928,-85,1411112290619),(9137,87,957,-86,1411112290739),(9138,87,933,-87,1411112290809),(9139,87,971,-88,1411112290896),(9140,87,931,-88,1411112290961),(9141,87,961,-88,1411112291174),(9142,87,942,-89,1411112291274),(9143,87,943,-89,1411112291351),(9144,87,940,-90,1411112291431),(9145,87,965,-90,1411112291519),(9146,87,964,-90,1411112291606),(9147,87,1001,-91,1411112291809),(9148,87,954,-91,1411112291896),(9149,87,944,-93,1411112291971),(9150,87,1002,-94,1411112292226),(9151,87,972,-96,1411112292304),(9152,87,945,-96,1411112292369),(9153,87,912,-61,1411112312492),(9154,87,916,-61,1411112312637),(9155,87,915,-61,1411112312717),(9156,87,913,-62,1411112312842),(9157,87,911,-62,1411112312932),(9158,87,914,-63,1411112313027),(9159,87,917,-72,1411112313107),(9160,87,918,-74,1411112313172),(9161,87,919,-77,1411112313252),(9162,87,926,-78,1411112313329),(9163,87,922,-78,1411112313419),(9164,87,923,-79,1411112313517),(9165,87,999,-79,1411112313597),(9166,87,921,-80,1411112313674),(9167,87,920,-81,1411112313852),(9168,87,949,-82,1411112313962),(9169,87,948,-82,1411112314042),(9170,87,935,-83,1411112314129),(9171,87,956,-85,1411112314217),(9172,87,924,-85,1411112314282),(9173,87,933,-85,1411112314362),(9174,87,958,-85,1411112314459),(9175,87,962,-85,1411112314539),(9176,87,936,-86,1411112314619),(9177,87,927,-86,1411112314707),(9178,87,928,-86,1411112314912),(9179,87,932,-86,1411112314994),(9180,87,925,-86,1411112315077),(9181,87,934,-87,1411112315162),(9182,87,931,-87,1411112315239),(9183,87,942,-88,1411112315329),(9184,87,929,-89,1411112315427),(9185,87,963,-89,1411112315547),(9186,87,943,-89,1411112315629),(9187,87,953,-92,1411112315717),(9188,87,930,-92,1411112316229),(9189,87,972,-92,1411112316457),(9190,87,973,-92,1411112316637),(9191,87,993,-95,1411112316712),(9192,87,991,-97,1411112316895);
