# Host: localhost  (Version: 5.6.11)
# Date: 2014-09-18 21:36:03
# Generator: MySQL-Front 5.3  (Build 4.155)

/*!40101 SET NAMES utf8 */;

#
# Structure for table "location"
#

DROP TABLE IF EXISTS `location`;
CREATE TABLE `location` (
  `lid` int(11) NOT NULL AUTO_INCREMENT,
  `label` varchar(255) DEFAULT NULL,
  PRIMARY KEY (`lid`)
) ENGINE=InnoDB AUTO_INCREMENT=66 DEFAULT CHARSET=utf8;

#
# Data for table "location"
#

INSERT INTO `location` VALUES (49,'kft_1_1'),(50,'kft_2_1'),(51,'kft_1_2'),(52,'kft_2_2'),(53,'kft_3_2'),(54,'kft_1_3'),(55,'kft_2_3'),(56,'kft_1_4'),(57,'kft_2_4'),(58,'kft_3_4'),(59,'kft_2_5'),(60,'kft_3_5'),(61,'kft_2_6'),(62,'kft_3_6'),(63,'kft_3_7'),(64,'kft_2_7'),(65,'kft_2_8');

#
# Structure for table "wifi"
#

DROP TABLE IF EXISTS `wifi`;
CREATE TABLE `wifi` (
  `wid` int(11) NOT NULL AUTO_INCREMENT,
  `bssid` varchar(255) DEFAULT '',
  `freq` int(11) DEFAULT NULL,
  PRIMARY KEY (`wid`)
) ENGINE=InnoDB AUTO_INCREMENT=678 DEFAULT CHARSET=utf8;

#
# Data for table "wifi"
#

INSERT INTO `wifi` VALUES (666,'5e:d0:5a:4f:50:76',2432),(667,'c8:64:c7:23:6b:b9',2432),(668,'da:64:c7:23:6b:b9',2432),(669,'2c:d0:5a:32:89:f2',2432),(670,'da:64:c7:23:6b:bb',2442),(671,'c8:64:c7:23:6b:bb',2442),(672,'da:64:c7:23:6b:e5',2432),(673,'c8:64:c7:23:6b:e5',2432),(674,'0c:82:68:36:e5:8d',2437),(675,'c8:64:c7:23:6b:96',2422),(676,'da:64:c7:23:6b:96',2422),(677,'4c:ac:0a:5f:ea:3d',2422);

#
# Structure for table "sample"
#

DROP TABLE IF EXISTS `sample`;
CREATE TABLE `sample` (
  `sid` int(11) NOT NULL AUTO_INCREMENT,
  `lid` int(11) NOT NULL,
  `wid` int(11) NOT NULL,
  `level` int(11) DEFAULT NULL,
  `time` bigint(20) DEFAULT NULL,
  PRIMARY KEY (`sid`),
  KEY `lid` (`lid`),
  KEY `wid` (`wid`),
  CONSTRAINT `sample_ibfk_1` FOREIGN KEY (`lid`) REFERENCES `location` (`lid`),
  CONSTRAINT `sample_ibfk_2` FOREIGN KEY (`wid`) REFERENCES `wifi` (`wid`)
) ENGINE=InnoDB AUTO_INCREMENT=6128 DEFAULT CHARSET=utf8;

#
# Data for table "sample"
#

INSERT INTO `sample` VALUES (5753,49,666,-52,1411040825213),(5754,49,667,-58,1411040825478),(5755,49,668,-59,1411040825666),(5756,49,669,-51,1411040826040),(5757,49,670,-79,1411040826196),(5758,49,671,-79,1411040826352),(5759,49,672,-90,1411040826539),(5760,49,666,-52,1411040831640),(5761,49,667,-63,1411040831828),(5762,49,668,-63,1411040831906),(5763,49,669,-50,1411040832015),(5764,49,670,-75,1411040832296),(5765,49,671,-79,1411040832389),(5766,49,672,-90,1411040832498),(5767,50,666,-55,1411040860830),(5768,50,667,-68,1411040860939),(5769,50,668,-67,1411040861267),(5770,50,669,-32,1411040861361),(5771,50,670,-69,1411040861470),(5772,50,671,-70,1411040861563),(5773,50,672,-93,1411040861657),(5774,50,673,-93,1411040861969),(5775,50,666,-53,1411040868693),(5776,50,667,-71,1411040868864),(5777,50,668,-72,1411040868942),(5778,50,669,-31,1411040869176),(5779,50,670,-72,1411040869488),(5780,50,671,-74,1411040869613),(5781,50,672,-93,1411040869691),(5782,50,673,-93,1411040869785),(5783,51,666,-48,1411040894889),(5784,51,667,-64,1411040895685),(5785,51,668,-63,1411040896043),(5786,51,669,-56,1411040896309),(5787,51,670,-78,1411040896480),(5788,51,671,-79,1411040896605),(5789,51,672,-90,1411040896699),(5790,51,673,-91,1411040896823),(5791,51,666,-53,1411040900489),(5792,51,667,-68,1411040901519),(5793,51,668,-68,1411040902299),(5794,51,669,-61,1411040902486),(5795,51,670,-78,1411040902580),(5796,51,671,-79,1411040902673),(5797,51,672,-91,1411040902751),(5798,51,673,-90,1411040902970),(5799,52,666,-54,1411040922121),(5800,52,667,-76,1411040922433),(5801,52,668,-74,1411040922714),(5802,52,669,-45,1411040923307),(5803,52,670,-74,1411040923603),(5804,52,671,-75,1411040923899),(5805,52,672,-92,1411040924211),(5806,52,666,-51,1411040926193),(5807,52,667,-69,1411040926442),(5808,52,668,-71,1411040926879),(5809,52,669,-44,1411040927097),(5810,52,670,-73,1411040927799),(5811,52,671,-74,1411040928283),(5812,52,672,-92,1411040928704),(5813,52,673,-93,1411040929172),(5814,53,666,-53,1411040956624),(5815,53,667,-61,1411040956733),(5816,53,668,-60,1411040956811),(5817,53,669,-53,1411040956905),(5818,53,670,-72,1411040957014),(5819,53,671,-72,1411040957154),(5820,53,672,-93,1411040957248),(5821,53,666,-53,1411040960477),(5822,53,667,-58,1411040960617),(5823,53,668,-58,1411040960742),(5824,53,669,-50,1411040960820),(5825,53,670,-75,1411040960914),(5826,53,671,-75,1411040961023),(5827,53,672,-90,1411040961101),(5828,53,673,-90,1411040961195),(5829,54,666,-48,1411041530550),(5830,54,667,-67,1411041530643),(5831,54,668,-66,1411041530737),(5832,54,669,-32,1411041530831),(5833,54,670,-75,1411041530940),(5834,54,671,-74,1411041531018),(5835,54,673,-91,1411041531111),(5836,54,672,-88,1411041531189),(5837,55,666,-43,1411041665834),(5838,55,667,-58,1411041665881),(5839,55,668,-57,1411041665974),(5840,55,669,-48,1411041666068),(5841,55,670,-80,1411041666162),(5842,55,671,-80,1411041666240),(5843,55,673,-92,1411041666333),(5844,55,674,-90,1411041666567),(5845,55,672,-91,1411041666661),(5846,55,666,-42,1411041677242),(5847,55,667,-65,1411041677413),(5848,55,668,-64,1411041677554),(5849,55,669,-50,1411041677819),(5850,55,670,-78,1411041677975),(5851,55,671,-78,1411041678084),(5852,55,673,-92,1411041678162),(5853,55,674,-90,1411041678240),(5854,55,672,-91,1411041678318),(5855,56,666,-36,1411041721008),(5856,56,667,-58,1411041721086),(5857,56,668,-58,1411041721164),(5858,56,669,-58,1411041721242),(5859,56,670,-74,1411041721382),(5860,56,671,-73,1411041721507),(5861,56,673,-91,1411041721585),(5862,56,672,-90,1411041721663),(5863,56,666,-33,1411041724143),(5864,56,667,-60,1411041724268),(5865,56,668,-59,1411041724549),(5866,56,669,-58,1411041724814),(5867,56,670,-72,1411041724892),(5868,56,671,-73,1411041724970),(5869,56,673,-90,1411041725126),(5870,56,672,-90,1411041725235),(5871,57,666,-38,1411041745660),(5872,57,667,-64,1411041746050),(5873,57,668,-64,1411041746128),(5874,57,669,-52,1411041746206),(5875,57,670,-74,1411041746299),(5876,57,671,-68,1411041746408),(5877,57,673,-90,1411041746502),(5878,57,672,-93,1411041746627),(5879,57,666,-39,1411041751323),(5880,57,667,-61,1411041751463),(5881,57,668,-60,1411041751541),(5882,57,669,-52,1411041751635),(5883,57,670,-80,1411041751713),(5884,57,671,-81,1411041751962),(5885,57,673,-93,1411041752118),(5886,57,672,-93,1411041752212),(5887,58,666,-50,1411041792392),(5888,58,667,-75,1411041792626),(5889,58,668,-74,1411041792719),(5890,58,669,-62,1411041792860),(5891,58,670,-80,1411041792969),(5892,58,671,-80,1411041793094),(5893,58,673,-93,1411041793187),(5894,58,672,-93,1411041793343),(5895,58,666,-45,1411041796151),(5896,58,667,-66,1411041796276),(5897,58,668,-65,1411041796339),(5898,58,669,-58,1411041796417),(5899,58,670,-80,1411041796651),(5900,58,671,-80,1411041796885),(5901,58,673,-93,1411041797025),(5902,58,672,-93,1411041797134),(5903,59,666,-46,1411041826810),(5904,59,667,-51,1411041826904),(5905,59,668,-54,1411041826998),(5906,59,669,-70,1411041827169),(5907,59,670,-78,1411041827247),(5908,59,671,-78,1411041827325),(5909,59,666,-51,1411041829696),(5910,59,667,-54,1411041829852),(5911,59,668,-55,1411041829962),(5912,59,669,-65,1411041830102),(5913,59,670,-69,1411041830211),(5914,59,671,-79,1411041830367),(5915,60,666,-44,1411041853149),(5916,60,667,-58,1411041853227),(5917,60,668,-61,1411041853305),(5918,60,669,-67,1411041853383),(5919,60,670,-73,1411041853524),(5920,60,671,-73,1411041853602),(5921,60,673,-92,1411041853680),(5922,60,666,-45,1411041856066),(5923,60,667,-64,1411041856191),(5924,60,668,-64,1411041856269),(5925,60,669,-63,1411041856347),(5926,60,670,-74,1411041856441),(5927,60,671,-73,1411041856519),(5928,60,673,-92,1411041856612),(5929,61,666,-45,1411041887960),(5930,61,667,-64,1411041888069),(5931,61,668,-65,1411041888147),(5932,61,669,-53,1411041888225),(5933,61,670,-83,1411041888303),(5934,61,671,-84,1411041888381),(5935,61,673,-93,1411041888459),(5936,61,672,-93,1411041888600),(5937,61,666,-43,1411041891517),(5938,61,667,-56,1411041891704),(5939,61,668,-55,1411041891782),(5940,61,669,-61,1411041891954),(5941,61,670,-83,1411041892047),(5942,61,671,-83,1411041892125),(5943,61,673,-91,1411041892203),(5944,61,672,-92,1411041892281),(5945,62,666,-47,1411041918793),(5946,62,667,-54,1411041918855),(5947,62,668,-55,1411041918933),(5948,62,669,-65,1411041919011),(5949,62,670,-79,1411041919089),(5950,62,671,-70,1411041919183),(5951,62,673,-91,1411041919276),(5952,62,672,-95,1411041919354),(5953,62,675,-93,1411041919604),(5954,62,666,-49,1411041921866),(5955,62,667,-51,1411041921991),(5956,62,668,-51,1411041922069),(5957,62,669,-55,1411041922147),(5958,62,670,-79,1411041922225),(5959,62,671,-75,1411041922318),(5960,62,672,-95,1411041922427),(5961,62,675,-93,1411041922505),(5962,62,666,-49,1411042126179),(5963,62,667,-50,1411042126397),(5964,62,668,-52,1411042126491),(5965,62,669,-54,1411042126694),(5966,62,670,-74,1411042126819),(5967,62,671,-75,1411042126975),(5968,62,673,-92,1411042127162),(5969,62,672,-91,1411042127427),(5970,62,666,-46,1411042139118),(5971,62,667,-58,1411042139290),(5972,62,668,-57,1411042139368),(5973,62,669,-64,1411042139430),(5974,62,670,-73,1411042139555),(5975,62,671,-73,1411042139633),(5976,62,672,-91,1411042139711),(5977,62,673,-93,1411042140086),(5978,63,666,-51,1411042170871),(5979,63,667,-57,1411042170965),(5980,63,668,-58,1411042171059),(5981,63,669,-70,1411042171137),(5982,63,670,-76,1411042171246),(5983,63,671,-75,1411042171324),(5984,63,672,-93,1411042171417),(5985,63,673,-93,1411042171495),(5986,63,666,-53,1411042173367),(5987,63,667,-58,1411042173477),(5988,63,668,-57,1411042173633),(5989,63,669,-74,1411042174069),(5990,63,670,-75,1411042174241),(5991,63,671,-76,1411042174350),(5992,63,672,-93,1411042174444),(5993,63,673,-93,1411042174506),(5994,64,666,-49,1411042210800),(5995,64,667,-61,1411042210878),(5996,64,668,-61,1411042211003),(5997,64,669,-57,1411042211065),(5998,64,670,-80,1411042211174),(5999,64,671,-81,1411042211252),(6000,64,673,-93,1411042211346),(6001,64,672,-93,1411042211455),(6002,64,666,-51,1411042212641),(6003,64,667,-66,1411042212703),(6004,64,668,-66,1411042212828),(6005,64,669,-60,1411042212906),(6006,64,670,-84,1411042213015),(6007,64,671,-81,1411042213093),(6008,64,673,-93,1411042213156),(6009,64,672,-94,1411042213265),(6010,64,675,-92,1411042213358),(6011,65,666,-52,1411042239746),(6012,65,667,-55,1411042240058),(6013,65,668,-58,1411042240167),(6014,65,669,-59,1411042240261),(6015,65,670,-80,1411042240323),(6016,65,671,-79,1411042240401),(6017,65,673,-92,1411042240510),(6018,65,672,-94,1411042240604),(6019,65,675,-92,1411042240666),(6020,65,676,-93,1411042240807),(6021,65,666,-52,1411042245846),(6022,65,667,-66,1411042245939),(6023,65,668,-66,1411042246017),(6024,65,669,-63,1411042246111),(6025,65,670,-84,1411042246173),(6026,65,671,-84,1411042246251),(6027,65,673,-92,1411042246329),(6028,65,672,-94,1411042246485),(6029,65,676,-93,1411042246579),(6030,65,677,-91,1411042246735),(6031,65,666,-54,1411042272483),(6032,65,667,-63,1411042272623),(6033,65,668,-62,1411042272686),(6034,65,669,-71,1411042272764),(6035,65,670,-75,1411042272826),(6036,65,671,-87,1411042272966),(6037,65,673,-93,1411042273091),(6038,49,666,-59,1411042380943),(6039,49,667,-63,1411042381084),(6040,49,668,-62,1411042381146),(6041,49,669,-48,1411042381240),(6042,49,670,-75,1411042381333),(6043,49,671,-75,1411042381411),(6044,49,673,-93,1411042381489),(6045,49,672,-93,1411042381583),(6046,49,666,-60,1411042383564),(6047,49,667,-62,1411042383705),(6048,49,668,-61,1411042383907),(6049,49,669,-48,1411042384001),(6050,49,670,-74,1411042384079),(6051,49,671,-74,1411042384173),(6052,49,673,-94,1411042384282),(6053,49,672,-93,1411042384360),(6054,51,666,-50,1411043275482),(6055,51,667,-72,1411043275560),(6056,51,668,-64,1411043275685),(6057,51,669,-67,1411043275763),(6058,51,670,-71,1411043275857),(6059,51,671,-71,1411043275935),(6060,51,673,-93,1411043276075),(6061,51,672,-93,1411043276184),(6062,51,666,-50,1411043276325),(6063,51,667,-72,1411043276418),(6064,51,668,-64,1411043276496),(6065,51,669,-67,1411043276559),(6066,51,670,-71,1411043276746),(6067,51,671,-71,1411043276824),(6068,51,673,-93,1411043276902),(6069,51,672,-93,1411043276980),(6078,64,666,-56,1411043436145),(6079,64,667,-60,1411043436223),(6080,64,668,-62,1411043436333),(6081,64,669,-34,1411043436411),(6082,64,670,-71,1411043436489),(6083,64,671,-70,1411043436613),(6084,64,673,-91,1411043436691),(6085,64,676,-93,1411043436785),(6086,64,675,-92,1411043436957),(6087,64,672,-93,1411043437097),(6088,64,666,-56,1411043437237),(6089,64,667,-60,1411043437331),(6090,64,668,-62,1411043437393),(6091,64,669,-34,1411043437471),(6092,64,670,-71,1411043437534),(6093,64,671,-70,1411043437659),(6094,64,673,-91,1411043437815),(6095,64,676,-93,1411043437893),(6096,64,675,-92,1411043438064),(6097,64,672,-93,1411043438189),(6098,64,666,-56,1411043438407),(6099,64,667,-60,1411043438470),(6100,64,668,-62,1411043438563),(6101,64,669,-34,1411043438704),(6102,64,670,-71,1411043438797),(6103,64,671,-70,1411043438875),(6104,64,673,-91,1411043439094),(6105,64,676,-93,1411043439219),(6106,64,675,-92,1411043439312),(6107,64,672,-93,1411043439390),(6108,64,666,-56,1411043439562),(6109,64,667,-60,1411043439687),(6110,64,668,-62,1411043439858),(6111,64,669,-34,1411043439936),(6112,64,670,-71,1411043440139),(6113,64,671,-70,1411043440233),(6114,64,673,-91,1411043440311),(6115,64,676,-93,1411043440404),(6116,64,675,-92,1411043440482),(6117,64,672,-93,1411043440623),(6118,64,666,-56,1411043441215),(6119,64,667,-60,1411043441309),(6120,64,668,-62,1411043441403),(6121,64,669,-34,1411043441527),(6122,64,670,-71,1411043441621),(6123,64,671,-70,1411043441824),(6124,64,673,-91,1411043442167),(6125,64,676,-93,1411043442463),(6126,64,675,-92,1411043442619),(6127,64,672,-93,1411043442713);
